EQUIP-DESIGNATION,EQUIP-LOCATION,EQUIP-ELEC-PROP
AMB01,A1002-2,2000AR/1200AT/208V/3P/4W
ADIS6,A1005,30AR/20AF120/208V/3PH/4W
ADIS5,A1005,30AR/20AF120/208V/3PH/4W
ADIS4,A1005,30AR/20AF120/208V/3PH/4W
ADIS3,A1005,30AR/20AF120/208V/3PH/4W
ADIS2,A1005,30AR/20AF120/208V/3PH/4W
ADIS1,A1005,30AR/20AF120/208V/3PH/4W
ADIS23,A1005,400A120/208V/3PH/4W
ADIS22,A1005,400A120/208V/3PH/4W
ADIS16,A1005,60AR/45AF120/208V/3PH/4W
ADIS18,A1005,200AR/200AF120/208V/3PH/4W
APP02,A1005,100AR/AT120/208V/2PH/3W
APP01,A1005,225AR/150AF120/208V/3PH/4W
ADIS25,A1005,200AR/150AF120/208V/3PH/4W
ADIS21,A1005,400AR/250AF120/208V/3PH/4W
ADIS24,A1005,100AR/70AF120/208V/3PH/4W
ADIS17,A1005,200AR/150AF120/208V/3PH/4W
ADIS14,A1005,200AR/150AF120/208V/3PH/4W
AMB08,A1005,800AR/AT120/208V/3PH/4W
AMB06,A1005,100AR/AT120/208V/3PH/4W
AMB02,A1005,800AR/AT120/208V/3PH/4W
ADIS09,A1005E,30AR/30NF600V/1/2W
ADIS10,A1005E,60AR/40AF120/208V2PH/3W
ATR01,A1005E,7.5KVA600V/120/208V
APP25-CCT1/3/5,A1007-1,100AR/AT120/208V/3PH/4W
APP25,A1007-1,225AR/150AF120/208V/3PH/4W
APP20,A1015,225AR/70AT120/208V/3PH/4W
APP21,A1025,225AR/150AF120/208V/3PH/4W
APP19,A1029,225AR/150AF120/208V/3PH/4W
APP13-CCT25/27/29,A1039-C,70AR/AT120/208V/3PH/4W
APP13,A1039-C,225AR/70AF120/208V/3PH/4W
APP24,A1047-7,225AR/100AT120/208V/3PH/4W
APP39,A2002,450AR/350AT120/208V/3PH/4W
APP39,A2002,450AR/350AT120/208V/3PH/4W
APP39,A2002,450AR/350AT120/208V/3PH/4W
APP39,A2002,450AR/350AT120/208V/3PH/4W
APP39,A2002,450AR/350AT120/208V/3PH/4W
APP39,A2002,450AR/350AT120/208V/3PH/4W
APP39,A2002,450AR/350AT120/208V/3PH/4W
APP39,A2002,450AR/350AT120/208V/3PH/4W
APP39,A2002,450AR/350AT120/208V/3PH/4W
APP39,A2002,450AR/350AT120/208V/3PH/4W
APP39,A2002,450AR/350AT120/208V/3PH/4W
APP39,A2002,450AR/350AT120/208V/3PH/4W
APP39,A2002,450AR/350AT120/208V/3PH/4W
APP39,A2002,450AR/350AT120/208V/3PH/4W
APP39,A2002,450AR/350AT120/208V/3PH/4W
APP39,A2002,450AR/350AT120/208V/3PH/4W
APP39,A2002,450AR/350AT120/208V/3PH/4W
APP39,A2002,450AR/350AT120/208V/3PH/4W
APP39,A2002,450AR/350AT120/208V/3PH/4W
APP39,A2002,450AR/350AT120/208V/3PH/4W
APP39,A2002,450AR/350AT120/208V/3PH/4W
APP39,A2002,450AR/350AT120/208V/3PH/4W
APP39,A2002,450AR/350AT120/208V/3PH/4W
APP39,A2002,450AR/350AT120/208V/3PH/4W
APP39,A2002,450AR/350AT120/208V/3PH/4W
APP39,A2002,450AR/350AT120/208V/3PH/4W
APP39,A2002,450AR/350AT120/208V/3PH/4W
APP39,A2002,450AR/350AT120/208V/3PH/4W
APP39,A2002,450AR/350AT120/208V/3PH/4W
APP39,A2002,450AR/350AT120/208V/3PH/4W
APP39,A2002,450AR/350AT120/208V/3PH/4W
APP39,A2002,450AR/350AT120/208V/3PH/4W
APP39,A2002,450AR/350AT120/208V/3PH/4W
AELEVATOR,A2002-2,200AR/175AF120/208V/3PH/4W
ADIS76,A3001,10AR/AT120/208V/3PH/4W
ADIS77,A3001,30AR/15AF120/208V/3PH/4W
ADIS78,A3001,30AR/15AF120/208V/3PH/4W
ADIS79,A3001,60AR/15AF120/208V/3PH/4W
ADIS80,A3001,60AR/40AF120/208V/3PH/4W
ADIS81,A3001,30AR/15AF120/208V/3PH/4W
ADIS82,A3001,30AR/15AF120/208V/3PH/4W
ADIS83,A3001,30AR/15AF120/208V/3PH/4W
ADIS84,A3001,30AR/15AF120/208V/3PH/4W
ADIS85,A3001,30AR/30AF120/208V/3PH/4W
ADIS88,A3001,60AR/15AF120/208V/3PH/4W
ADIS86,A3001,30AR/15AF120/208V/3PH/4W
ADIS89,A3001,60AR/60AF120/208V/3PH/4W
ASUBHVSW,ASITE,27600V/3P
ASUBTRANSFORMER,ASITE,1000kVA/27600V/208V/3P/4W
BPP29,B1001,100AR/AMB347/600V3P/4W
BPP27,B1001,400AR120/208V/3PH/4W
BPP28,B1001,100AR120/208V/3PH/4W
BEP01,B1001-MEZZ,150AR/AT120/208V/3PH/4W
BDIS29,B1001-MEZZ,60AR/AT347/600V/3PH/4W
BDIS28,B1001-MEZZ,100AR/AT347/600V/3PH/3W
BDIS27,B1001-MEZZ,90AR/AT347/600V/3PH/3W
BTR10,B1001-MEZZ,112.5kVA600V>120/208V3P/4W
BDIS26,B1001-MEZZ,125AR/AT347/600V/3PH/3W
BPP26-BKR62/64/66,B1002,50AR/AT120/208V/3PH/4W
BPP200,B1002,225AR/50AT120/208V/3PH/4W
BPP26,B1002,600AR120/208V/3PH/4W
BTR09,B1002-MEZZ,75kVA600V>120/208V3P/4W
BDIS31,B1002-MEZZ,100AR/NF347/600V/3PH/3W
BPP17,B1005-1,70AR/AF120/208V/2PH/3W
BPP21,B1005-C,100AR/90AT120/208V/3PH/4W
BPP31,B1006,50AR/AMB120/208V/3PH/4W
BPP30,B1006,200AR/90AMB120/208V/3PH/4W
BTR11,B1006-MEZZ,30kVA600V>120/208V3P/4W
BDIS32,B1006-MEZZ,60AR/NF347/600V/3PH/4W
BPP32,B1007,225AR/125AT120/208V/3PH/4W
BEP02,B1007-1,225AR/150AT120/208V/3PH/4W
BPP25,B1007-C,100AR/90AT120/208V/3PH/4W
BPP24,B1007-C,100AR/70AT120/208V/3PH/4W
BPP34,B1009,225AR/150AT120/208V/3PH/4W
BPP35,B1010,225AR120/208V/3PH/4W
BPP38,B1010,225AR/175AT0TO125VDC
BVC01,B1010,175AMB0TO125VDC
BTR12,B1010,45kVA208V>120/208V3P/4W
BPP36,B1010,150AR/AF120/208V/3PH/4W
BPP37,B1010,150AR/AF120/208V/3PH/4W
BDIS34,B1010,20AR/150AF120/208V/3PH/4W
BDIS35,B1010,200AR/150AF120/208V/3PH/4W
BDIS36,B1010,200AR/175AF120/208V/3PH/3W
BDIS33,B1010,400AR/250AT120/208V/3PH/4W
BDIS38-D,B1011,100AR/AF347/600V/3PH/3W
BPP41,B1011-6,200AR/100AMB120/208V/3PH/4W
BPP40,B1011-6,200AR/150AMB120/208V/3PH/4W
BDIS38-B,B1011-MEZZ,30AR/15AF347/600V/3PH/3W
BDIS38-A,B1011-MEZZ,30AR/15AF347/600V/3PH/3W
BTR14,B1011-MEZZ,45kVA600V>120/208V3P/4W
BDIS40,B1011-MEZZ,60AR/NF347/600V/3PH/3W
BDIS39,B1011-MEZZ,60AR/AF347/600V/3PH/3W
BDIS38-C,B1011-MEZZ,100AR/AF347/600V/3PH/3W
BDIS37,B1011-MEZZ,200AR/AF347/600V/3PH/3W
BEPO3,B1011-MEZZ,150AR/AT120/208V/3PH/4W
BPP39,B1012,225AR120/208V/3PH/4W
BPP44-BKR38/40/42,B1013,100AR/AT120/208V/3PH/4W
BPP45,B1013,225AR/100AT120/208V/3PH/4W
BPP44,B1013,225AR120/208V/3PH/4W
BWELDSTNS_11-20,B1013-4,30AR/AT347/600V/2PH
BWELDSTNS_1-10,B1013-4,30AR/AT347/600V/2PH
BWELDSTNS_1-10_BKR,B1013-4,30AR/AT347/600V/2PH
BWELDSTNS_11-20_BKR,B1013-4,30AR/AT347/600V/2PH
BPP-07,B1013-4,250AR/200AT347/600V3P/3W
BPP-08,B1013-4,250AR/200AT347/600V3P/3W
BPP201-BKR32/34/36,B1013-4,200AR/AT347/600V/3PH/4W
BPP201-BKR38/40/42,B1013-4,200AR/AT347/600V/3PH/4W
BPP46-BKR37/39/41,B1013-4,400AR/AT347/600V/3PH/4W
BPP46-BKR7/9/11,B1013-4,70AR/AT347/600V/3PH/3W
BPP46-MAINBKR,B1013-4,600AR/AT347/600V/3PH/4W
BPP42,B1013-C,100AR/70AT120/208V/3PH/4W
BPP43,B1013-C,100AR/50AT120/208V/3PH/4W
BPP43-BKR7/9/11,B1013-C,40AR/AT120/208V/3PH/4W
BTR15,B1013-MEZZ,75kVA600V>120/208V3P/4W
BPP49,B1014,400AR/300AMB120/208V/3PH/4W
BPP48,B1014,600AR/400AMB120/208V/3PH/4W
BDIS43,B1014-2,200AR/AT120/208V/3PH/4W
BPP47,B1015,250AR/AT347/600V/3PH/4W
BDIS45,B1015-MEZZ,400AR/AT120/208V/3PH/4W
BTR16,B1015-MEZZ,225kVA600V>120/208V3P/4W
BDIS42,B1015-MEZZ,200AR/AF347/600V/3PH/4W
BDIS41,B1015-MEZZ,250AR/AT347/600V/3PH/3W
BEP04,B1015-MEZZ,150AR/AT120/208V/3PH/4W
BPP51,B1016,400AR/AMB120/208V/3PH/4W
BPP202,B1016,225AR/AT347/600V/3PH/3W
BPP54,B1017,150AR/AT120/208V/3PH/4W
BPP53,B1018-C,200AR/AT120/208V/3PH/4W
BPP52,B1018-C,100AR/40AT120/208V/3PH/4W
BPP55,B1020,150AR/AT120/208V/3PH/4W
BPP61,B1023,150AR/AT120/208V/3PH/4W
BPP56,B1024,400AR/300AF120/208V/3PH/4W
BDIS56,B1024-MEZZ,400AR/300AF120/208V/3PH/4W
BDIS55,B1024-MEZZ,200AR/150AF120/208V/3PH/4W
BDIS51,B1024-MEZZ,100AR/AF120/208V/3PH/4W
BDIS52,B1024-MEZZ,200AR/AT120/208V/3PH/4W
BTR17,B1024-MEZZ,150kVA600V>120/208V/3PH/4W
BEP06,B1024-MEZZ,225AR120/208V/3PH/4W
BDIS57,B1028,100AR/AF120/208V/3PH/4W
BPP58,B1028,225AR/100AF120/208V/3PH/4W
BPP57,B1030-1,225AR/150AF120/208V/3P/4W
BPP62,B1031-C,200AR/AT120/208V/3PH/4W
BPP64,B1032,225AR120/208V/3PH/4W
BPP63,B1033,225AR120/208V/3PH/4W
BMB88,B1034,200AR/AT347/600V/3PH/4W
BMB93,B1034,400AR/AT347/600V/3PH/4W
BMB03,B1034,800AR/700AT347/600V/3PH/4W
BMB03,B1034,800AR/700AT347/600V/3PH/4W
BMB03,B1034,800AR/700AT347/600V/3PH/4W
BMB93,B1034,400AR/AT347/600V/3PH/4W
BMB92,B1034,400AR/AT347/600V/3PH/4W
BMB105,B1034,150AR/AT120/208V/3PH/4W
BMB104,B1034,150AR/AT120/208V/3PH/4W
BPP01,B1034,225AR120/208V/3PH/4W
BMB103,B1034,150AR/AT120/208V/3PH/4W
BMB102,B1034,150AR/AT120/208V/3PH/4W
BMB100,B1034,150AR/AT120/208V/3PH/4W
BMB98,B1034,150AR/AT120/208V/3PH/4W
BMB03,B1034,800AR/700AT347/600V/3PH/4W
BTR01,B1034,150kVA600V-120/208V3PH/4W
BMB91,B1034,250AR/200AT347/600V/3PH/4W
BMB90,B1034,400AR/AT347/600V/3PH/4W
BMB74,B1034,100AR/100AT347/600V/3PH/4W
BMB08,B1034,800AR/AT347/600V/3PH/4W
BMB07,B1034,1200AR/1000AT347/600V/3PH/4W
BMB04,B1034,800AR/600AT347/600V/3PH/4W
BMB03,B1034,800AR/700AT347/600V/3PH/4W
BMB02,B1034,2000AR/1200AT347/600V/3PH/4W
BTB01,B1034,2000AR/1200AT347/600V/3PH/4W
BMB01,B1034,2000AR/1200AT347/600V/3PH/4W
BPP04,B1037,225AR120/208V/3PH/4W
BPP05,B1037,225AR120/208V/3PH/4W
BLP01,B1037,100AR/AT347/600V/3PH/4W
BDIS102,B1039,100A/600V/3PH/4W
BDIS103,B1039,60A/600V/3PH/4W
BMS18_LD,B1039,37kW/93%eff/1765rpm/47A/0.85pf
BMS19_LD,B1039,37A/1780rpm/575V/93%eff/87.7pf
BMS17_LD,B1039,37kW/93%eff/1765rpm/47A/0.85pf
BDIS101,B1039,100A/600V/3PH/4W
BMS17,B1039,100AR/90AF347/600V/3PH/4W
BMS18,B1039,100AR/90AF347/600V/3PH/4W
BMS19,B1039,100AR/70AF347/600V/3PH/4W
BMS20,B1039,100AR/15AF347/600V/3PH/4W
BMS21,B1039,100AR/15AF347/600V/3PH/4W
BPP02,B1039,225AR120/208V/3PH/4W
BDIS48,B1041,100AR/70AF120/208V/3PH/4W
BPP13,B1041,250AR/150AT120/208V/3PH/4W
BDIS47,B1041-2,100AR/80AF120/208V/3PH/4W
BDIS46,B1041-2,100AR/80AF120/208V/3PH/4W
BMB21,B1041-4,300AR/AT347/600V/3PH/4W
BMB20,B1041-4,200AR/AT347/600V/3PH/4W
BMB19,B1041-4,200AR/AT347/600V/3PH/4W
BMB18,B1041-4,100AR/AT347/600V/3PH/4W
BMB163,B1041-4,200AR/AT120/208V/3PH/4W
BMB161,B1041-4,200AR/AT120/208V/3PH/4W
BTR03,B1041-4,150kVA600V>120/208V3P/4W
BMB17,B1041-4,250AR/150AT347/600V/3PH/4W
BMB41,B1041-4,1200AR/AT347/600V/3PH/3W
BMB24,B1041-4,400AR/AT347/600V/3PH/4W
BSDP10-BKR05,B1041-4,90AR/AT120/208V/3PH/4W
BPP12,B1041-4,250AR/150AT120/208V/3PH/4W
BSDP10-BKR08,B1041-4,100AR/AT120/208V/3PH/4W
BSDP10-BKR04,B1041-4,150AR/AT120/208V/3PH/4W
BSDP10-BKR03,B1041-4,150AR/AT120/208V/3PH/4W
BSDP10-BKR02,B1041-4,150AR/AT120/208V/3PH/4W
BSDP10-BKR01,B1041-4,200AR/AT120/208V/3PH/4W
BTR02,B1041-4,150kVA600V>120/208V3P/4W
BMB52,B1041-4,250AR/175AT347/600V/3PH/4W
BMB42,B1041-4,600AR/AT347/600V/3PH/4W
BMB28,B1041-4,600AR/AT347/600V/3PH/3W
BMB27,B1041-4,600AR/500AT347/600V/3PH/4W
BMB26,B1041-4,600AR/300AT347/600V/3PH/3W
BMB25,B1041-4,600AR/400AT347/600V/3PH/3W
BMB23,B1041-4,300AR/AT347/600V/3PH/4W
BMB22,B1041-4,400AR/AT347/600V/3PH/4W
BPP09,B1041-4,70AR120/208V/3PH/4W
BTR04,B1041-4,15kVA600>120/208V3P/4W
BEDP01-BKR06,B1041-4,50AR/AT347/600V/3PH/4W
BEDP01-BKR04,B1041-4,40AR/AT347/600V/3PH/4W
BEDP01-BKR03,B1041-4,20AR/AT347/600V/3PH/4W
BEDP01-BKR02,B1041-4,40AR/AT347/600V/3PH/4W
BEDP01-BKR01,B1041-4,70AR/AT347/600V/3PH/4W
BATS01,B1041-4,225AR/100AT347/600VV/3PH/4W
BATS01,B1041-4,225AR/100AT347/600VV/3PH/4W
BPP06,B1041-7,100AR/AT120/208V/3PH/4W
BPP14,B1049,225AR/150AT120/208V/3PH/4W
BPP110,B1051,225AR/150AT120/208V/3PH/4W
BTR20,B1055,10kVA208V>120/208V2P/3W
BPP67,B1055,100AR120/208V/2PH/3W
BPP111,B1055,200AR120/208V/3PH/4W
BTR111,B1055,45kVA600>120/208V3PH/4W
BDIS111,B1055,60AR/50AF347/600V/3PH/4W
BPP81,B1059-C,200AR/150AT120/208V/3PH/4W
BPP68,B1059-C,225AR/125AT120/208V/3PH/4W
BPP79,B1062-C,200AR/150AT120/208V/3PH/4W
BPP83,B1065-C,200AR/AT120/208V/3PH/4W
BPP82,B1071,225AR/200AT120/208V/3PH/4W
BPP69,B1078,225AR/125AT120/208V/3PH/4W
BPP71,B1078-C,225AR/125AT120/208V/3PH/4W
BPP70,B1078-C,225AR/125AT120/208V/3PH/4W
BPP66-BKR18/20/22,B1078-C,40AR/AT120/208V/3PH/4W
BPP66,B1078-C,100AR/70AT120/208V/3PH/4W
BPP16_BKR,B1081-2,200AR/AT120/208V/3PH/4W
BPP15_BKR,B1081-2,200AR/AT120/208V/3PH/4W
BPP16,B1081-2,200AR/AT120/208V/3PH/4W
BPP15,B1081-2,200AR/AT120/208V/3PH/4W
BPP20,B1082,200AR/175AT120/208V/3PH/4W
BPP19-BKR1/3/5,B1082-4,175AR/AT120/208V/3PH/4W
BPP19,B1082-4,400AR/AT120/208V/3PH/4W
BPP72,B1082-C,100AR/50AT120/208V/3PH/4W
BPP76,B2010-C,100AR/AT120/208V/3PH/4W
BPP85,B2015,200AR/AT120/208V/3PH/4W
BPP75,B2015,100AR/40AT120/208V/3PH/4W
BPP88,B2015-5,200AR/AT120/208V/3PH/4W
BPP86,B2026,225AR/200AT120/208V/3PH/4W
BPP84,B2029,225AR/100AF/AMB120/208V/3PH/4W
BPP77,B2035-C,225AR/125AT120/208V/3PH/4W
BPP73,B2035-C,225AR/150AT120/208V/3PH/4W
BPP74,B2035-C,100AR/70AT120/208V/3PH/4W
BPP74-BKR11/13/15,B2035-C,40AR/AT120/208V/2PH/3W
BMB240,B2041-1,200AR/AT120/208V/3PH/4W
BPP67,B2041-1,100AR/AT120/208V/3PH/4W
BMB228,B2041-1,150AR/AT120/208V/3PH/4W
BMB226,B2041-1,150AR/AT120/208V/3PH/4W
BMB225,B2041-1,150AR/AT120/208V/3PH/4W
BMB224,B2041-1,150AR/AT120/208V/3PH/4W
BMB223,B2041-1,150AR/AT120/208V/3PH/4W
BMB221,B2041-1,100AR/AT120/208V/3PH/4W
BTR18,B2041-1,150kVA600V>120/208V3PH/4W
BMB141,B2041-1,175AR/AT347/600V/3PH/4W
BMB148,B2041-1,225AR/AT347/600V/3PH/4W
BMB140,B2041-1,175AR/AT347/600V/3PH/4W
BMB150,B2041-1,400AR/AT347/600V/3PH/4W
BMB69,B2042,150AR/AT120/208V/3PH/4W
BMB66,B2042,150AR/AT120/208V/3PH/4W
BEP05,B2042,150AR120/208V/3PH/4W
BMB73,B2042,150AR/AT120/208V/3PH/4W
BMB72,B2042,150AR/AT120/208V/3PH/4W
BMB71,B2042,200AR/AT120/208V/3PH/4W
BMB68,B2042,150AR/AT120/208V/3PH/4W
BMB67,B2042,150AR/AT120/208V/3PH/4W
BMB65,B2042,150AR/AT120/208V/3PH/4W
BDIS21,B2042,100AR/70AF120/208V/2PH/3W
BMB51,B2042,800AR/AT347/600V/3PH/4W
BSDP12-BKR08,B2042,100AR/AT120/208V/3PH/4W
BSDP12-BKR05,B2042,70AR/AT120/208V/3PH/4W
BSDP12-BKR04,B2042,90AR/AT120/208V/3PH/4W
BSDP12-BKR03,B2042,90AR/AT120/208V/3PH/4W
BMB62,B2042,250AR/AT120/208V/3PH/4W
BSDP12-BKR01,B2042,400AR/AT120/208V/3PH/4W
BMB64,B2042,150AR/AT120/208V/3PH/4W
BTR07,B2042,225kVA600V>120/208V3P/4W
BMB57,B2042,250AR/175AT347/600V/3PH/3W
BTR06,B2042,150kVA600V>120/208V3P/4W
BMB53,B2042,300AR/AT347/600V/3PH/3W
BMB52,B2042,600AR/AT347/600V/3PH/3W
BSDP11-BKR20,B2042,15AR/AT347/600V/3PH/3W
BPP23-BKR02,B2042,50AR/AT120/208V/3PH/4W
BPP23-BKR01,B2042,70AR/AT120/208V/3PH/4W
BTR08,B2042,30kVA600>120/208V/3PH/4W
BDIS22,B2042,100AR/70AT347/600V/3PH/4W
BMB115_LD,B2043,50HP/600V/3PH/4W
BDIS83,B2043,200AR/125AF347/600V/3PH/4W
BDIS82,B2043,200AR/125AF347/600V/3PH/4W
BDIS76,B2043,400AR/AT347/600V/3PH/4W
BMB123,B2043,150AR/AT347/600V/3PH/4W
BMB122,B2043,150AR/AT347/600V/3PH/4W
BMB115,B2043,100AR/AT347/600V/3PH/4W
BMB114,B2043,15AR/AT347/600V/3PH/4W
BMB128,B2043,400AR/AT347/600V/3PH/4W
BPP03,B2043,225AR120/208V/3PH/4W
BMB175,B3001,400AR/AT347/600V/3PH/3W
BPP78,B3001,100AR/50AT120/208V/3PH/4W
BMB204,B3001,50AR/AT120/208V/3PH/4W
BMB203,B3001,50AR/AT120/208V/3PH/4W
BMB200,B3001,150AR/AT120/208V/3PH/4W
BMB197,B3001,100AR/AT120/208V/3PH/4W
BMB196,B3001,125AR/AT120/208V/3PH/4W
BMB195,B3001,150AR/AT120/208V/3PH/4W
BMB194,B3001,125AR/AT120/208V/3PH/4W
BMB193,B3001,125AR/AT120/208V/3PH/4W
BMB192,B3001,125AR/AT120/208V/3PH/4W
BMB191,B3001,125AR/AT120/208V/3PH/4W
BTR22,B3001,45kVA600V>120/208V3P/4W
BMB185,B3001,400AR/AT347/600V/3PH/3W
BMB178,B3001,60AR/AT347/600V/3PH/3W
BEP10,B3001,100AR/AMB120/208V/3PH/4W
BTR21,B3001,225kVA600V>120/208V3P/4W
BMB176,B3001,250AR/AT347/600V/3PH/4W
BPP65-BKR02,B3001,50AR/AT347/600V/3PH/4W
BPP65-BKR01,B3001,70AR/AT120/208V/3PH/4W
BDIS143,B3001,60AR/NF347/600VV/3PH/3W
BTR19,B3001,30kVA600V>120/208V3P/4W
BDIS141,B3001,40AR/AT347/600V/3PH/3W
BDIS142,B3001,40AR/AT347/600V/3PH/3W
BDIS140,B3001,70AR/AT347/600V/3PH/4W
BPP89,B3003-1,70AR/AMB120/208V/3PH/4W
BDIS158,B3003-1,100AR/AF120/208V/3PH/4W
BDIS156,B3003-1,225AR/200AT120/208V/3PH/4W
BDIS155,B3003-1,225AR/200AT120/208V/3PH/4W
BDIS154,B3003-1,225AR/200AT120/208V/3PH/4W
BDIS153,B3003-1,225AR/200AT120/208V/3PH/4W
BDIS152,B3003-1,225AR/200AT120/208V/3PH/4W
BDIS151,B3003-1,225AR/150AT120/208V/3PH/4W
BDIS150,B3003-1,225AR/150AT120/208V/3PH/4W
BTR23,B3003-1,225kVA600V>120/208V3P/4W
BMB209,B3003-1,225AR/AT347/600V/3PH/3W
BMB207,b3003-1,250AR/AT347/600V/3PH/3W
B_BLOCK_TX2,BBLDG,600V3P/4W
B_BLOCK_TX1,BBLDG,600V3P/4W
CDIS10,C1001,30AR/AF/600V/3PH/3W
CPP12,C1004,60AR/AT120/208V/3PH/4W
CPP14,C1004,125AR/70AT120/208V/3PH/4W
CPP13,C1004,100AR/AT120/208V/3PH/4W
CDIS05,C1004,100A120/208V/3PH/4W
CPP10,C1004,100AR/70AT120/208V/3PH/4W
CPP11-CCT28/30/32,C1004,70A120/208V/3PH/4W
CPP09,C1004,225AR/125AT120/208V/3PH/4W
CPP11-CCT13/15/17,C1004,60AR/AT120/208V/3PH/4W
CPP11,C1004,225AR/125AT120/208V/3PH/4W
CBD02-DIS01,C1004,60AR/50AF120/208V/3PH/4W
CPP16,C1004,225AR/150AT120/208V/3PH/4W
CPP15,C1004,225AR/175AT120/208V/3PH/4W
CPP18,C1008,225AR/70AT120/208V/1PH/3W
CPP29,C1011,225AR/50AF120/208V/3PH/4W
CTR12,C1011,15KvA/208D>208Y/3PH/4W
C1020-UPS01-PP01,C1020,55.5A/208V
C1020-UPS01,C1021,20kVA/208V54.2/57.7A
C1020-UPS01,C1021,20kVA/208V54.2/57.7A
C1020-UPS01,C1021,20kVA/208V54.2/57.7A
C1020-UPS01,C1021,20kVA/208V55.5a
C1020-UPS01,C1021,20kVA/208V54.2/57.7A
CEDIS03,C1021,60AR/AF120/208V/3PH/4W
C1020-UPS01,C1021,20kVA/208V54.2/57.7A
CPP08,C1025,60AR/AT120/208V/1PH/3W
CPP07,C1030,100AR/AT120/208V/3PH/4W
CPP05-CCT13/15,C1032,60A-120/208V/1PH/3W
CPP04,C1032,100AR/90AT120/208V/3PH/4W
CPP05,C1032,100AR/70AT120/208V/3PH/4W
CPP06,C1032,100AR/AT120/208V/3PH/4W
CTR04,C1034,15KvA/600>120/208V/3PH/4W
CPP03,C1034,225AR/120/208V/3PH/4W
CTR03,C1034,45KvA/600>120/208V/3PH/4W
CMB14,C1034,225AR/AT/600V/3PH/3W
CPP02-BKR08,C1034,20A/600V/3PH/3W
CPP02-BKR02,C1034,40A/600V/3PH/3W
CATS01,C1036-4,60A/347/600V/2PH/4W
CPP01-CCT37/39/41,C1036-4,60AR/AT347/600V/3PH/4W
CEP02,C1036-4,225A120/208V/3PH/4W
CEP01,C1036-4,225A120/208V/3PH/4W
CTR01,C1036-4,45KVA600>120/208V/3PH/4W
CMB09,C1036-4,200A347/600V/3PH/4W
CMB03,C1036-4,60A600V/3PH/3W
CMB01,C1036-4,1200A/347/600V/3PH/4W
CMB02,C1036-4,600A347/600V/3PH/4W
CDIS02,C1036-4E,30AR/15AF/347/600V/3PH/4W
CDIS01,C1036-4E,60AR/AF/347/600V/3PH/4W
CATS01,C1036-4E,60A/347/600V/3PH/4W
CEDIS02,C2001,600AR/AT120/208V/3PH/4W
CEDIS01,C2001,100AR/AT120/208V/3PH/4W
CLP02,C2001,60AR/AT/120/208V/3PH/4W
CPP25,C2001,100AR/70AT120/208V/3PH/4W
CTR09,C2001E,45KvA600>120/208V/3PH/4W
CDIS03,C2001E,60AR/NF/347/600V/3PH/3W
CPP30,C2002,100AT120/208V/3PH/4W
CPP29,C2002,100AT120/208V/3PH/4W
CPP28,C2002,100120/208V/3PH/4W
CPP27-CCT18/20,C2014,70AR/AT120/208V/3PH/4W
CPP27-BKR05,C2014,150AR/AT120/208V/3PH/4W
CPP27-BKR04,C2014,70AR/AT120/208V/3PH/4W
CPP27-BKR03,C2014,125AR/AT120/208V/3PH/4W
CPP27-BKR02,C2014,150AR/AT120/208V/3PH/4W
CPP27-BKR01,C2014,175AR/AT120/208V/3PH/4W
CTR11(NN),C2014,115.5KvA/600>120/208V/3PH/4W
CPP26-BKR09,C2014,40AR/AT347/600V/3PH/3W
CPP26-BKR01,C2014,125AR/AT347/600V/3PH/3W
CPP24,C2015,400AR/120/208V/3PH/4W
CPP24,C2015,400AR/120/208V/3PH/4W
CPP24-BKR06,C2015,100AR/AT120/208V/3PH/4W
CPP24-BKR04,C2015,150AR/AT120/208V/3PH/4W
CPP24-BKR03,C2015,70AR/AT120/208V/3PH/4W
CPP24-BKR02,C2015,125AR/AT120/208V/3PH/4W
CPP24-BKR01,C2015,125AR/AT120/208V/3PH/4W
CPP24,C2015,400AR/120/208V/3PH/4W
CTR10,C2015,75KvA/600>120/208V/3PH/4W
CPP23-BKR01,C2015,90AR/AT347/600V/3PH/3W
CPP23,C2015,225AR/150AT600V/3PH/3W
CPP20-CCT15/17/19,C2016,100AR/AT120/208V/3PH/4W
CPP20,C2016,225AR/120/208V/3PH/4W
CPP20-CCT1/3/5,C2016,100AR/AT120/208V/3PH/4W
CTR07(RR),C2016,30KvA/600>120/208V/3PH/4W
CSDP01-BKR08,C2016,40AR/AT347/600V/3PH/3W
CSDP01-BKR07,C2016,90AR/AT347/600V/3PH/3W
CSDP01-BKR06,C2016,225AR/AT347/600V/3PH/3W
CSDP01-BKR05,C2016,175AR/AT347/600V/3PH/3W
CSDP01-BKR02,C2016,150AR/AT347/600V/3PH/3W
CSDP01-BKR01,C2016,175AR/AT347/600V/3PH/3W
CPP22,C2017,225AR120/208V/3PH/4W
CPP22,C2017,225AR120/208V/3PH/4W
CPP22,C2017,225AR120/208V/3PH/4W
CPP22,C2017,225AR120/208V/3PH/4W
CPP22,C2017,225AR120/208V/3PH/4W
CPP22,C2017,225AR120/208V/3PH/4W
CPP22,C2017,225AR120/208V/3PH/4W
CPP22,C2017,225AR120/208V/3PH/4W
CPP22,C2017,225AR120/208V/3PH/4W
CPP22-BKR01,C2017,90AR/AT120/208V/3PH/4W
CPP22-BKR02,C2017,70AR/AT120/208V/3PH/4W
CPP22,C2017,225AR120/208V/3PH/4W
CTR08(SS),C2017,45KvA/600>120/208V/3PH/4W
CPP21-BKR01,C2017,50AR/AT347/600V/3PH/3W
CPP21,C2017,225AR/90AT600V/3PH/3W
LONDONHYDRO,CBUILDING,600V3P/4W
DEP07,D1001-3,400AR/200AF120/208V/3PH/4W
DEP06,D1001-3,200AR/AF120/208V/3PH/4W
DPP21,D1004-1,225AR/100AF120/208V/3PH/4W
DBD01-DIS21,D1004-1,100AR/AF120/208V/3PH/4W
DBD01-DIS20,D1004-1,100AR/AF120/208V/3PH/4W
DPP20,D1004-EL,225AR/100AF120/208V/3PH/4W
DPP22,D1010,225AR/100AF120/208V/3PH/4W
DBD01-DIS22,D1010,100AR/AF120/208V/3PH/4W
DBD01-DIS23,D1010-2,100AR/AF120/208V/3PH/4W
DPP23,D1011,225AR/100AF120/208V/3PH/4W
DBD01-DIS24,D1013,200AR/AF120/208V/3PH/4W
DPP24,D1014-C,200AR/AF120/208V/3PH/4W
DPP28,D1016,100AR/AF120/208V/3PH/4W
DBD01-DIS29,D1016,100AR/AF120/208V/3PH/4W
DBD01-DIS28,D1016,100AR/AF120/208V/3PH/4W
DBD01-DIS27,D1016,100AR/AF120/208V/3PH/4W
DPP27,D1016-EL,225AR/100AF120/208V/3PH/4W
DLP10,D1016-EL,100AR/AF347/600V/3PH/4W
DLP09,D1016-EL,100AR/AF347/600V/3PH/4W
ELEVATOR_D1019-1_LD,D1019-1,42A/575V/90PF/3460rpm/78.5%eff
ELEVATOR_D1019-1_LD,D1019-1,42A/575V/90PF/3460rpm/78.5%eff
ELEVATOR_D1019-1_LD,D1019-1,42A/575V/90PF/3460rpm/78.5%eff
DELEVSDIS01,D1019-1,100AR/70AF/600V/3PH/3W
DPP07,D1021,100AR/100AF120/208V/3PH/4W
DPP12,D1021-2,100AR/60AF120/208V/3PH/4W
DLP01,D1022,200AR/100AT600V/3PH/4W
DLP01,D1022,200AR/100AT600V/3PH/4W
DMB08,D1022,200A600V/3PH/4W
DEDP04-06,D1022,100A/600V/3PH/4W
DEDP04-05,D1022,100A/600V/3PH/4W
DEDP04-04,D1022,100A/600V/3PH/4W
DEDP04-02,D1022,200A/600V/3PH/4W
DEDP04-01,D1022,200A/600V/3PH/4W
DDIS11,D1022,100AR/30AF120/208V/3PH/4W
DMB37,D1022,1000AR/800AT600V/3PH/4W
DLP01,D1022,200AR/100AT600V/3PH/4W
DMB48,D1022,250AR/200AT600V/3PH/4W
DLP01,D1022,200AR/100AT600V/3PH/4W
DLP01,D1022,200AR/100AT600V/3PH/4W
DMB02,D1022,2000AR/AT347/600V/3PH/4W
DMB21,D1022,400AR/AT347/600V/3PH/4W
DMB19,D1022,800AR/AT347/600V/3PH/4W
DMB74,D1022,100AR/AT347/600V/3PH/4W
DMB73,D1022,70AR/AT347/600V/3PH/4W
DMB71,D1022,70AR/AT347/600V/3PH/4W
DMB63,D1022,100AR/AT600V/3PH/4W
DMB61,D1022,60AR/AT600V/3PH/4W
C_BLDG_EMERG_FEED,D1022,60AR/AT347/600V/3PH/4W
D_BLDG_EMERG_FEED,D1022,200AR/AT347/600V/3PH/4W
H&K_BLDG_EMERG_FEED,D1022,100AR/AT347/600V/3PH/4W
G_BLDG_EMERG_FEED,D1022,100AR/AT347/600V/3PH/4W
B_BLDG_EMERG_FEED,D1022,100AR/AT347/600V/3PH/4W
DGENMB01,D1022,600A/600V/3PH/4W
DGENMB01,D1022,600AR/AT/600V/3PH/4W
DGEN01,D1022,600A/600V/3PH/4W
DDIS12,D1022,60AR/AF120/208V/3PH/4W
DDIS10,D1022,100AR/AF120/208V/3PH/4W
DDIS07,D1022,100AR/40AF120/208V/3PH/4W
DDIS06,D1022,100AR/80AF120/208V/3PH/4W
DDIS05,D1022,100AR/70AF120/208V/3PH/4W
DPP04,D1022,225AR/200AF120/208V/3PH/4W
DDIS04,D1022,200AR/150AF120/208V/3PH/4W
DDIS03,D1022,200AR/AF120/208V/3PH/4W
DDIS01,D1022,200AR/AF120/208V/3PH/4W
DLP01,D1022,200AR/100AT600V/3PH/4W
DTR01,D1022,225kVA/600>120/208V/3PH/4W
DLP01,D1022,200AR/100AT600V/3PH/4W
DLP02,D1022,100AR/AT347/600V/3PH/4W
DLP01,D1022,200AR/100AT600V/3PH/4W
DMB50,D1022,200AR/100AT600V/3PH/4W
DMB49,D1022,100AR/AT600V/3PH/4W
DMB47,D1022,1000AR/AT600V/3PH/4W
DMB42,D1022,100AR/AT600V/3PH/4W
DMB31,D1022,400AR/AT600V/3PH/4W
DMB18,D1022,250AR/200AT347/600V/3PH/4W
DMB14,D1022,100AR/AT347/600V/3PH/4W
DMB11,D1022,400AR/AT347/600V/3PH/4W
DMB09,D1022,200AR/AT347/600V/3PH/4W
DMB01,D1022,5000AR/4000AT347/600V/3PH/4W
DLP01,D1022,200AR/100AT600V/3PH/4W
DLP01,D1022,200AR/100AT600V/3PH/4W
DLP01,D1022,200AR/100AT600V/3PH/4W
DLP01,D1022,200AR/100AT600V/3PH/4W
DLP01,D1022,200AR/100AT600V/3PH/4W
DLP01,D1022,200AR/100AT600V/3PH/4W
DLP01,D1022,200AR/100AT600V/3PH/4W
DLP01,D1022,200AR/100AT600V/3PH/4W
DLP01,D1022,200AR/100AT600V/3PH/4W
DLP01,D1022,200AR/100AT600V/3PH/4W
DLP01,D1022,200AR/100AT600V/3PH/4W
DLP01,D1022,200AR/100AT600V/3PH/4W
DLP01,D1022,200AR/100AT600V/3PH/4W
DLP01,D1022,200AR/100AT600V/3PH/4W
DLP01,D1022,200AR/100AT600V/3PH/4W
DLP01,D1022,200AR/100AT600V/3PH/4W
DLP01,D1022,200AR/100AT600V/3PH/4W
DLP01,D1022,200AR/100AT600V/3PH/4W
DLP01,D1022,200AR/100AT600V/3PH/4W
DLP01,D1022,200AR/100AT600V/3PH/4W
DLP01,D1022,200AR/100AT600V/3PH/4W
DLP01,D1022,200AR/100AT600V/3PH/4W
DLP01,D1022,200AR/100AT600V/3PH/4W
DLP01,D1022,200AR/100AT600V/3PH/4W
DLP01,D1022,200AR/100AT600V/3PH/4W
DLP01,D1022,200AR/100AT600V/3PH/4W
DLP01,D1022,200AR/100AT600V/3PH/4W
DLP01,D1022,200AR/100AT600V/3PH/4W
DLP01,D1022,200AR/100AT600V/3PH/4W
DLP01,D1022,200AR/100AT600V/3PH/4W
DLP01,D1022,200AR/100AT600V/3PH/4W
DLP01,D1022,200AR/100AT600V/3PH/4W
DLP01,D1022,200AR/100AT600V/3PH/4W
DLP01,D1022,200AR/100AT600V/3PH/4W
DLP01,D1022,200AR/100AT600V/3PH/4W
DLP01,D1022,200AR/100AT600V/3PH/4W
DLP01,D1022,200AR/100AT600V/3PH/4W
DLP01,D1022,200AR/100AT600V/3PH/4W
DLP01,D1022,200AR/100AT600V/3PH/4W
DLP01,D1022,200AR/100AT600V/3PH/4W
DLP01,D1022,200AR/100AT600V/3PH/4W
DLP01,D1022,200AR/100AT600V/3PH/4W
DLP01,D1022,200AR/100AT600V/3PH/4W
DLP01,D1022,200AR/100AT600V/3PH/4W
DLP01,D1022,200AR/100AT600V/3PH/4W
DLP01,D1022,200AR/100AT600V/3PH/4W
DLP01,D1022,200AR/100AT600V/3PH/4W
DLP01,D1022,200AR/100AT600V/3PH/4W
DLP01,D1022,200AR/100AT600V/3PH/4W
DLP01,D1022,200AR/100AT600V/3PH/4W
DLP01,D1022,200AR/100AT600V/3PH/4W
DLP01,D1022,200AR/100AT600V/3PH/4W
DLP01,D1022,200AR/100AT600V/3PH/4W
DLP01,D1022,200AR/100AT600V/3PH/4W
DLP01,D1022,200AR/100AT600V/3PH/4W
DLP01,D1022,200AR/100AT600V/3PH/4W
DLP01,D1022,200AR/100AT600V/3PH/4W
DLP01,D1022,200AR/100AT600V/3PH/4W
DLP01,D1022,200AR/100AT600V/3PH/4W
DLP01,D1022,200AR/100AT600V/3PH/4W
DLP01,D1022,200AR/100AT600V/3PH/4W
DLP01,D1022,200AR/100AT600V/3PH/4W
DLP01,D1022,200AR/100AT600V/3PH/4W
DLP01,D1022,200AR/100AT600V/3PH/4W
DLP01,D1022,200AR/100AT600V/3PH/4W
DLP01,D1022,200AR/100AT600V/3PH/4W
DLP01,D1022,200AR/100AT600V/3PH/4W
DLP01,D1022,200AR/100AT600V/3PH/4W
DLP01,D1022,200AR/100AT600V/3PH/4W
DLP01,D1022,200AR/100AT600V/3PH/4W
DLP01,D1022,200AR/100AT600V/3PH/4W
DLP01,D1022,200AR/100AT600V/3PH/4W
DLP01,D1022,200AR/100AT600V/3PH/4W
DLP01,D1022,200AR/100AT600V/3PH/4W
DLP01,D1022,200AR/100AT600V/3PH/4W
DLP01,D1022,200AR/100AT600V/3PH/4W
DLP01,D1022,200AR/100AT600V/3PH/4W
DLP01,D1022,200AR/100AT600V/3PH/4W
DLP01,D1022,200AR/100AT600V/3PH/4W
DLP01,D1022,200AR/100AT600V/3PH/4W
DLP01,D1022,200AR/100AT600V/3PH/4W
DLP01,D1022,200AR/100AT600V/3PH/4W
DLP01,D1022,200AR/100AT600V/3PH/4W
DLP01,D1022,200AR/100AT600V/3PH/4W
DLP01,D1022,200AR/100AT600V/3PH/4W
DLP01,D1022,200AR/100AT600V/3PH/4W
DDIS15,D1022-E,400AR/AF347/600V/3PH/4W
DPP03#2,D1024,225AR/200AF120/208V/3PH/4W
DPP03#1,D1024,225AR/200AF120/208V/3PH/4W
DDIS75,D1025-ROOF,60AR/50AF347/600V/3PH/4W
DPP15,D1026,225AR120/208V/3PH/4W
DPP01,D1026,225AR/200AF120/208V/3PH/4W
DDIS17,D1026-MEZZ,100AR/40AF600V/3P/4W
DDIS-16/19/20,D1026-MEZZ,100AR/20AF600V/3P/4W
DTR07,D1026-MEZZ,75KVA/600/120/208V/3PH/4W
DDIS18,D1026-MEZZ,100AR/AF600V/3PH/4W
DTR09,D1027-1,45kVA600>120/208V/3PH/4W
DPP13,D1027-1,225AR/100AF120/208V/3PH/4W
DPP10,D1027-1,225AR120/208V/3PH/4W
DPP05,D1027-2,100AR/70AF120/208V/3PH/4W
DPP14,D1028,225AR/200AF120/208V/3PH/4W
DDIS14,D1028-MEZZ,200AR/AF/3PH/4W
DTR08,D1028-MEZZ,75KVA/600>120/208V/3PH/4W
DPP29,D1029-1,100AR/AF120V/3PH/4W
DPP30#2,D1029-EL,225AR/100AF120/208V/3PH/4W
DPP30#1,D1029-EL,225AR/100AF120/208V/3PH/4W
DLP03,D1029-EL,100AR/80AF347/600V/3PH/4W
DPP32#2,D1031,225AR/150AF120/208V/3PH/4W
DPP32#1,D1031,225AR/150AF120/208V/3PH/4W
DSDP07-DIS10,D1031-EL,200AR/150AF120/208/3PH/4W
DSDP07-DIS09,D1031-EL,200AR/150AF120/208/3PH/4W
DSDP07-DIS07,D1031-EL,200AR/AF120/208/3PH/4W
DSDP07-DIS06,D1031-EL,100AR/AF120/208/3PH/4W
DSDP07-DIS05,D1031-EL,100AR/AF120/208/3PH/4W
DSDP07-DIS04,D1031-EL,100AR/80AF120/208/3PH/4W
DSDP07-DIS03,D1031-EL,100AR/AF120/208/3PH/4W
DSDP07-DIS02,D1031-EL,60AR/60AF120/208/3PH/4W
DSDP07-DIS01,D1031-EL,60AR/50AF120/208/3PH/4W
DPP34,D1036,225AR/60AF120/208V/3PH/4W
DPP35,D1037,225AR/80AF120/208V/3PH/4W
DPP36,D1039,225AR/150AF120/208V/3PH/4W
DPP33,D1042-1,225AR/100AF120/208V/3PH/4W
DLP20,D1042-E,100AR/AT347/600V/3PH/4W
DPP37,D1042-EL,225AR/100AF120/208V/3PH/4W
DEP05,D1043-1,60AR120/208V/3PH/4W
DTR12,D1043-1,15kVA/600>120/208V/3PH/4W
DPP39,D1045-1,225AR/AMB120/208V/3PH/4W
DEP01,D1045-2,200AR/AF120/208V/3PH/4W
DEP02,D1045-4,225AR/AF120/208V/3PH/4W
DPP40,D1047,225AR/100AF120/208V/3PH/4W
DBD06-DIS41,D1047,200AR/AF120/208V/3PH/4W
DBD06-DIS40,D1047,100AR/AF120/208V/3PH/4W
DPP200,D1047-2,250AR/100AF347/600V/3PH/4W
DDIS99,D1047-2,60AR/AF120/220V/2PH/3W
DDIS98,D1047-2,60AR/AF120/220V/2PH/3W
DTR11,D1047-2,15kVA208>120/220V/2PH/2W
DTR10,D1047-2,15kVA208>120/220V/2PH/3W
DDIS97,D1047-2,100AR/AF120/208V/2PH/2W
DDIS96,D1047-2,60AR/AF120/208V/2PH/3W
DDIS95,D1047-2,100AR/AF120/208V/3PH/4W
DPP41,D1048,60AR/60AF120/208V/3PH/4W
DPP47,D1049,100AR/50AF120/208V/3PH/4W
DBD06-DIS45,D1051,200AR/AF120/208V/3PH/4W
DBD06-DIS43,D1051,60AR/AF120/208V/3PH/4W
DPP44,D1051,60AR/AF120/208V/3PH/4W
DLP06,D1051-E,150AR/AF347/600V/3PH/4W
DPP42,D1051-EL,100AR/100AF120/208V/3PH/4W
DPP43,D1051-EL,100AR/60AF120/208V/3PH/4W
DPP54,D1052-EL,225AR/80AF120/208V/3PH/4W
DEP03,D1055,200AR/AF120/208V/3PH/4W
DBD06-DIS48,D1055,200AR/AF120/208V/3PH/4W
DBD06-DIS47,D1055,60AR/50AF120/208V/3PH/4W
DBD06-DIS46,D1055,200AR/AF120/208V/3PH/4W
DPP48,D1057,225AR/200AF120/208V/3PH/4W
DPP49,D1057,225AR/60AF120/208V/3PH/4W
DPP51,D1058,225AR/60AF120/208V/3PH/4W
DPP50,D1059,225AR/200AF120/208V/3PH/4W
DBD06-DIS50,D1059,200AR/AF120/208V/3PH/4W
DPP92,D1060-3,100AR/60AT120/208V/3PH/4W
DPP90-CCT44/46/48,D1060-3,60AR/AT120/208V/3PH/4W
DPP90,D1060-3,225AR/200AF120/208V/3PH/4W
DBD06-DIS51,D1061,60AR/AF120/208V/3PH/4W
DPP59,D1062-EL,225AR/200AF120/208V/3PH/4W
DPP58,D1062-EL,225AR/200AF120/208V/3PH/4W
DBD06-DIS55,D1063-2,200AR/AF120/208V/3PH/4W
DBD06-DIS55,D1063-2,200AR/AF120/208V/3PH/4W
DBD06-DIS55,D1063-2,200AR/AF120/208V/3PH/4W
DBD06-DIS54,D1063-2,100AR/80AF120/208V/3PH/4W
DPP45,D1070,150AR/AT120/208V/3PH/4W
DPP63,D2001,250AR/100AF120/208V/3PH/4W
DPP62,D2001,250AR/100AF120/208V/3PH/4W
DPP61,D2001,250AR/100AF120/208V/3PH/4W
DBD02-DIS63,D2001,100AR/AF120/208V/3PH/4W
DBD02-DIS62,D2001,100AR/AF120/208V/3PH/4W
DBD02-DIS61,D2001,100AR/AF120/208V/3PH/4W
DBD02-DIS60,D2001,100AR/AF120/208V/3PH/4W
DEP04,D2001-11,400AR/350AF120/208V/3PH/4W
DEP10,D2001-11,400AR/300AF/AF277/480V/3PH/4W
DPP60,D2001-EL,225AR/AF120/208V/3PH/4W
DPP64,D2003-1,250AR/60AF120/208V/3PH/4W
DBD02-DIS64,D2003-1,60AR/AF120/208V/3PH/4W
DPP66,D2004-1,250AR/60AF120/208V/3PH/4W
DBD02-DIS66,D2004-1,100AR/60AF120/208V/3PH/4W
DPP67,D2005,250AR/100AF120/208V/3PH/4W
DBD02-DIS68,D2005,100AR/60AF120/208V/3PH/4W
DBD02-DIS67,D2005,100AR/AF120/208V/3PH/4W
DPP71,D2007,250AR/100AF120/208V/3PH/4W
DBD04-DIS71,D2007,100AR/AF120/208V/3PH/4W
DPP68,D2007-EL,100AR/60AF120/208V/3PH/4W
DPP72,D2008,250AR/100AF120/208V/3PH/4W
DBD04-DIS72,D2008,100AR/AF120/208V/3PH/4W
DBD04-DIS70,D2008,100AR/AF120/208V/3PH/4W
DPP70,D2009-EL,225AR/100AF120/208V/3PH/4W
DLP04,D2009-EL,100AR/AF347/600V/3PH/4W
DPP73,D2012,250AR/100AF120/208V/3PH/4W
DBD04-DIS73,D2012,100AR/AF120/208V/3PH/4W
DPP74,D2016,225AR/200AF120/208V/3PH/4W
DBD04-DIS74,D2016,200AR/AF120/208V/3PH/4W
DBD04-DIS175,D2016-1,200AR/150AF120/208V/3PH/4W
DLP21,D2016-EL,100AR/70AT600V/3PH/3W
"DLP21-14,16,18",D2016-EL,30AR/AT347/600V/3PH/4W
DLP21-7/9/11,D2016-EL,20AR/AT347/600V/3PH/4W
DPP75,D2016-EL,225AR/150AF120/208V/3PH/4W
EDIS101,D2018-EL,100A/600V/3PH/4W
DPP80,D2020,100AR/60AF120/208V/3PH/4W
DBD07-DIS80,D2020,60AR/AF120/208V/3PH/4W
DPP81,D2021,100AR/AF120/208V/3PH/4W
DBD07-DIS82,D2021,100AR/AF120/208V/3PH/4W
DBD07-DIS81,D2021,100AR/AF120/208V/3PH/4W
DLP07,D2024-E,100AR/70AF347/600V/3PH/4W
DPP82,D2024-EL,225AR/100AF120/208V/3PH/4W
DBD07-DIS89,D2025-1,60AR/AF120/208V/3PH/4W
DPP83,D2029,250AR/100AF120/208V/3PH/4W
DBD07-DIS83,D2029,100AR/AF120/208V/3PH/4W
DPP84,D2033-1,250AR/100AF120/208V/3PH/4W
DBD07-DIS84,D2033-1,100AR/AF120/208V/3PH/4W
DBD07-DIS86,D2034,200AR/150AF120/208V/3PH/4W
DBD07-DIS85,D2034,100AR/AF120/208V/3PH/4W
DPP86,D2034-EL,225AR/150AF120/208V/3PH/4W
DPP85,D2034-EL,225AR/100AF120/208V/3PH/4W
DBD07-DIS93,D2035,200AR/AF120/208V/3PH/4W
DPP94,D2035-1,225AR/90AT120/208V/3PH/4W
DPP93-CCT1/3/5,D2035-1,90AR/AT120/208V/3PH/4W
DPP93,D2035-1,225AR/200AF120/208V/3PH/4W
DBD07-DIS90,D2035-1,200AR/AF120/208V/3PH/4W
EDIS102,D2036-1,100A/600V/3PH/4W
DPP89,D2037,100AR/60AF120/208V/3PH/4W
DHP33,D2040,100A347/600V/3P/4W
DHP33,D2040,36.8A/575V/1775rpm/94.5%eff/86PF
DHP34,D2040,36.8A/575V/1775rpm/94.5%eff/86PF
DDIS_GC,D2040,100AR/AF347/600V/3PH/4W
DDIS_HP33,D2040,80AR/AF347/600V/3PH/4W
DDIS_HP34,D2040,80AR/AF347/600V/3PH/4W
DHTG_PUMP01_LD,D2040,50.5A/575V/1760rpm/90.2%eff/83PF
DCWP36_LD,D2040,46A/575V/94.1%eff
DCWP35_LD,D2040,46A/575V/94.1%eff
DCT-01,D2040,100A/600V/3PH/4W
DCWP36,D2040,100A/600V/3PH/4W
D_COND_P100_BRK,D2040,60AR/AT347/600V/3PH/4W
D_COND_P99_BRK,D2040,60AR/AT347/600V/3PH/4W
DCWP35,D2040,100A/600V/3PH/4W
D_COND_P98_BRK,D2040,60AR/AT347/600V/3PH/4W
DDIS100,D2040,400AR/AF347/600V/3PH/4W
DDIS101,D2040,400AR/AF347/600V/3PH/4W
DPP06,D2040,100AR/100AF120/208V/3PH/4W
DDIS201,D2040,200AR/AF347/600V/3PH/4W
DHTG_PUMP01,D2040,100AR/AF347/600V/3PH/4W
DPP104,D3002-EL,250AR/100AF120/208V/3PH/4W
DPP103,D3002-EL,250AR/100AF120/208V/3PH/4W
DLP11,D3002-EL,100AR/80AF347/600V/3PH/4W
DBD03-DIS103,D3005,100AR/AF120/208V/3PH/4W
DBD03-DIS100,D3005,100AR/60AF120/208V/3PH/4W
DPP100,D3005-EL,250AR/60AF120/208V/3PH/4W
DPP101,D3005-EL,250AR/60AF120/208V/3PH/4W
DPP105,D3007,225AR/150AF120/208V/3PH/4W
DBD05-DIS106,D3009,100AR/AF120/208V/3PH/4W
DBD05-DIS105,D3009,200AR/150AF120/208V/3PH/4W
DPP106,D3009-EL,225AR/100AF120/208V/3PH/4W
DLP05,D3009-EL,100AR/80AF347/600V/3PH/4W
DPP108,D3014,225AR/150AF120/208V/3PH/4W
DBD05-DIS108,D3014,200AR/150AF120/208/3PH/4W
DBD05-DIS111,D3015-1,60AR/AF120/208/3PH/4W
DBD05-DIS110,D3015-1,60AR/AF120/208/3PH/4W
DLP24,D3015-E,100AR/70AT347/600V/3PH/4W
DLP24-13/15,D3015-EL,30AR/AT347/600V/3PH/4W
DLP24-14/16/18,D3015-EL,20AR/AT347/600V/3PH/4W
DPP110,D3015-EL,225AR/60AF120/208V/3PH/4W
DEP09,D3016,100AR120/208V/3PH/4W
DTR32,D3016,10kVA/600>120/208V/3PH/4W
DPP111,D3017,225AR/60AF120/208V/3PH/4W
DBD08-DIS113,D3018,100AR/80AF120/208V/3PH/4W
DBD08-DIS115,D3018-10,100AR/80AF120/208V/3PH/4W
DPP114,D3018-EL,250AR/80AF120/208V/3PH/4W
DPP113,D3018-EL,250AR/80AF120/208V/3PH/4W
DLP08,D3024-EL,100AR/80AF347/600V/3PH/4W
DPP116,D3024-EL,250AR/80AF120/208V/3PH/4W
DPP115,D3024-EL,250AR/80AF120/208V/3PH/4W
DDIS74,D4003,30AR/30AF347/600V/3PH/4W
DDIS200,D4003,100AR/AF347/600V/3PH/3W
DTR03,D4003,450kVA600>120/208V/3PH/4W
DMB92,D4003,1600AR/500AT347/600V/3PH/3W
DDIS51,D4003,200AR/150AF347/600V/3PH/4W
DDIS50,D4003,400AR/300AF347/600V/3PH/4W
DDIS57,D4003,200AR/AF347/600V/3PH/3W
DDIS56,D4003,100AR/AF347/600V/3PH/3W
DDIS55,D4003,100AR/70AF347/600V/3PH/4W
DDIS53,D4003,80AR/AF347/600V/3PH/4W
DDIS52,D4003,200AR/AF347/600V/3PH/4W
DPP129,D4003,100AR/AMB120/208V/3PH/4W
DDIS71,D4003,225AR/AF120/208V/3PH/4W
DDIS69,D4003,200AR/AF120/208V/3PH/4W
DDIS67,D4003,100AR/AF120/208V/3PH/4W
DDIS64,D4003,600AR/AF120/208V/3PH/4W
DDIS63,D4003,400AR/AF120/208V/3PH/4W
DDIS60,D4003,60AR/AF120/208V/3PH/4W
DDIS62,D4003,200AR/AF120/208V/3PH/4W
DPP130,D4005,225AR/60AF120/208V/3PH/4W
DPP125,D4009,100AR/AF120/208V/3PH/4W
DSDP02-DIS22,D4009,400AR/225AF120/208/3PH/4W
DSDP02-DIS21,D4009,400AR/AF120/208/3PH/4W
DSDP02-DIS19,D4009,100AR/AF120/208/3PH/4W
DSDP02-DIS11,D4009,600AR/AF120/208/3PH/4W
DMB90,D4009,1600AR/800AT347/600V/3PH/4W
DSDP01-EDIS01,D4009,800AR/AF347/600V/3PH/4W
DSDP01-DIS08,D4009,400AR/300AF347/600V/3PH/4W
DSDP01-DIS06,D4009,100AR/AF347/600V/3PH/4W
DSDP01-DIS05,D4009,100AR/80AF347/600V/3PH/4W
DSDP01-DIS04,D4009,200AR/100AF347/600V/3PH/4W
DSDP01-DIS01,D4009,100AR/80AF347/600V/3PH/4W
DTR02,D4009,300kVA600>120/208V/3PH/4W
DMB91,D4009,1600AR/600AT347/600V/3PH/4W
DMB05,D4011,600AR/AT347/600V/3PH/4W
D_MAIN_AC,D4011,100A/600V/3PH/4W
DAC01_HD01,D4011,30A/600V/3PH/4W
DAC02,D4016,100A/347/600V/3PH/4W
DSDP05-DIS07,D4016,100AR/80AF347/600V/3PH/4W
DPP120,D4016,100AR/AF120/208V/3PH/4W
DPP120,D4016,100AR/AF120/208V/3PH/4W
DPP120,D4016,100AR/AF120/208V/3PH/4W
DPP120,D4016,100AR/AF120/208V/3PH/4W
DSDP06-DIS301,D4016,400AR/350AF120/208V/3PH/4W
DSDP06-DIS17,D4016,400AR/225AF120/208V/3PH/4W
DSDP06-DIS16,D4016,400AR/225AF120/208V/3PH/4W
DSDP06-DIS13,D4016,100AR/AF120/208V/3PH/4W
DSDP06-DIS010,D4016,400AR/AF120/208V/3PH/4W
DSDP06-DIS07,D4016,200AR/AF120/208V/3PH/4W
DSDP06-DIS08,D4016,200AR/AF120/208V/3PH/4W
DTR04,D4016,300kVA600>120/208V/3PH/4W
DTR33,D4016,225kVA600>480V/3PH/4W
DMCC02,D4016,200AR/AF347/600V/3PH/4W
DSDP05-DIS06,D4016,100AR/80AF347/600V/3PH/4W
DSDP05-DIS05,D4016,100AR/AF347/600V/3PH/4W
DSDP05-DIS04,D4016,100AR/AF347/600V/3PH/4W
DSDP05-DIS03,D4016,400AR/300AF347/600V/3PH/4W
DSDP05-DIS01,D4016,200AR/AF347/600V/3PH/4W
DMB100,D4016,1600AR/400AT347/600V/3PH/4W
DPP31,DSUBCOURTYARD,60AR/50AF120/208V/3PH/4W
DSUBSTATIONTRANS.,DSUBSTATION,2500kVA27600V>600V/3PH/4W
DMAINHVSWITCH,DSUBSTATION,600AR/100AF27600V/3PH/3W
EPP08,E1003,225AR/150AF/120/208V/3PH/4W
EPP07,E1004,225AR/150AF/120/208V/3PH/4W
EDIS112,E1011,60A/600V/3PH/3W
EPP11,E1012-1,225AR/200AF/120/208V/3PH/4W
EPP06,E1012-5,225AR/150AF/120/208V/3PH/4W
EDIS92,E1012-5,200AR/AF/120/208V/3PH/4W
EPP06-CCT28/30/32,E1012-5,50AR/AT/120/208V/3PH/4W
EDIS95,E1012-5,200AR/150AF/120/208V/3PH/4W
EDIS94,E1012-5,200AR/150AF/120/208V/3PH/4W
EDIS93,E1012-5,200AR/150AF/120/208V/3PH/4W
ELP02,E1012-5,225AR/100AF/347/600V/3PH/4W
EDIS109,E1012-5,100AR/70AF/600V/3PH/3W
ETR02,E1012-5,225KvA/600V>120/208V/3PH/4W
EPP23,E1012-6,100AR/50AT/120/208V/3PH/4W
EPP04,E2005-C,225AR/150AT/120/208V/3PH/4W
EPP03,E2005-C,225AR/150AT/120/208V/3PH/4W
EPP22,E2015-C,225AR/60AF/120/208V/3PH/4W
EPP02,E2015-C,225AR/150AT/120/208V/3PH/4W
EPP09,E2015-C,225AR/150AT/120/208V/3PH/4W
EPP01,E2015-C,225AR/150AT/120/208V/3PH/4W
ELP01,E2015-E,225AR/150AF/347/600V/3PH/4W
EPP10,E2020,225AR/60AT/120/208V/3PH/4W
EDIS99,E3001,100A/600V/3PH/4W
EMS13,E3001,100A/600V/3PH/4W
EPP05,E3001,225AR/150AT/120/208V/3PH/4W
EPP17,E3001,225AR/60AF/120/208V/3PH/4W
EDIS25,E3001,60AR/AF/120/208V/3PH/4W
EDIS27,E3001,60AR/AF/120/208V/3PH/4W
EDIS29,E3001,60AR/AF/120/208V/3PH/4W
EDIS51,E3001,200AR/150AF/120/208V/3PH/4W
EDIS50,E3001,200AR/150AF/120/208V/3PH/4W
EDIS49,E3001,200AR/150AF/120/208V/3PH/4W
EDIS48,E3001,200AR/150AF/120/208V/3PH/4W
EDIS47,E3001,200AR/150AF/120/208V/3PH/4W
EDIS46,E3001,200AR/150AF/120/208V/3PH/4W
ETR01,E3001,225KvA/600V>120/208V/3PH/4W
EDIS08,E3001,200AR/100AF/347/600V/3PH/4W
EDIS06,E3001,200AR/150AF/347/600V/3PH/4W
EDIS05,E3001,200AR/175AF/600V/3PH/3W
EDIS04,E3001,400AR/250AF/600V/3PH/3W
EDIS03,E3001,400AR/250AF/600V/3PH/3W
EDIS02,E3001,800AR/AF347/600V/3PH/4W
FPP20,F1002,100AR/AT/120/208V/3PH/4W
FPP07,F1002-5,225AR/200AT/120/208V/3PH/4W
FPP12,F1012-4,225AR/150AT/120/208V/3PH/4W
FPP11,F1012-4,225AR/150AT/120/208V/3PH/4W
FPP10,F1012-4,225AR/150AT/120/208V/3PH/4W
FPP21,F1012-4,225AR/150AT/120/208V/3PH/4W
FPP22,F1013-C,225AR/60AT/120/208V/3PH/4W
FEP03,F1013-C,225AR/AT/120/208V/3PH/4W
FPP06,F1013-C,225AR/200AT/120/208V/3PH/4W
FPP02,F2001-C,225AR/100AT/120/208V/3PH/4W
FPP01,F2001-C,100AR/AT/120/208V/3PH/4W
FEP01,F2001-C,225AR/150AT/120/208V/3PH/4W
FLP01,F2001-C,60AR/40AT/120/208V/3PH/4W
FEP04,F2001-C,225AR/AT/120/208V/3PH/4W
FPP08,F2001-C,225AR/100AT/120/208V/3PH/4W
FDIS04,F2002-1,60AR/AF/347/600V/3PH/4W
FPP21-CCT7/9/11,F2002-1,60AR/AT/120/208V/3PH/4W
FMB51,F2002-1,40AR/AT/120/208V/3PH/4W
FMB73,F2002-1,150AR/AT/120/208V/3PH/4W
FMB57,F2002-1,100AR/AT/120/208V/3PH/4W
FMB55,F2002-1,100AR/AT/120/208V/3PH/4W
FMB54,F2002-1,60AR/AT/120/208V/3PH/4W
FMB53,F2002-1,100AR/AT/120/208V/3PH/4W
FMB52,F2002-1,100AR/AT/120/208V/3PH/4W
FTR02,F2002-1,150KVA//600>120/208V/3PH/4W
FTR03,F2002-1,45KVA//600>120/208V/3PH/4W
FMB92,F2002-1,225AR/AT/120/208V/3PH/4W
FMB91,F2002-1,225AR/AT/120/208V/3PH/4W
FMB90,F2002-1,200AR/AT/120/208V/3PH/4W
FMB89,F2002-1,200AR/AT/120/208V/3PH/4W
FMB88,F2002-1,100AR/AT/120/208V/3PH/4W
FMB87,F2002-1,100AR/AT/120/208V/3PH/4W
FDIS06,F2002-1,60AR/AF/347/600V/3PH/4W
FDIS05,F2002-1,200AR/175AF/347/600V/3PH/4W
FTR01,F2002-1,150KVA//600>120/208V/3PH/4W
FDIS03,F2002-1,200AR/AF/347/600V/3PH/4W
FDIS02,F2002-1,200AR/AF/347/600V/3PH/4W
FDIS01,F2002-1,400AR/AF/347/600V/3PH/4W
FPP21,F2002-1E,100AR/120/208V/3PH/4W
FTR04,F2002-1E,30KVA//600>120/208V/3PH/4W
FDIS07,F2002-1E,30AR/AF/600V/3PH/4W
FPP15,F2010-47,150AR/AT/120/208V/3PH/4W
FPP14,F2010-47,150AR/AT/120/208V/3PH/4W
FPP13,F2010-47,150AR/AT/120/208V/3PH/4W
FPP32,F2013,225AR/100AT/120/208V/3PH/4W
FEP02,F3001-C,225AR/120/208V/3PH/4W
FPP05,F3001-C,225AR/100AT/120/208V/3PH/4W
FPP04,F3001-C,225AR/100AT/120/208V/3PH/4W
FPP03,F3001-C,150AR/60AT/120/208V/3PH/4W
FPP09,F3001-C,225AR/100AT/120/208V/3PH/4W
FPP16,F3012-3,150AR/AT/AMB/120/208V/3PH/4W
FPP18,F3012-3,150AR/AT/AMB/120/208V/3PH/4W
FPP17,F3012-3,150AR/AT/AMB/120/208V/3PH/4W
FUPS01,F4001,100AR/AT/120/208V/3PH/4W
FUPS01,F4001,100AR/AT/120/208V/3PH/4W
FMB34,F4001,150AR/AT/120/208V/3PH/4W
FDIS10,F4001,400AR/AF/347/600V/3PH/4W
FPP19,F4001,150AR/AT/120/208V/3PH/4W
FMB37,F4001,100AR/AT/120/208V/3PH/4W
FMB39,F4001,100AR/AT/120/208V/3PH/4W
FMB33,F4001,150AR/AT/120/208V/3PH/4W
FMB32,F4001,150AR/AT/120/208V/3PH/4W
FMB31,F4001,150AR/AT/120/208V/3PH/4W
FMB30,F4001,150AR/AT/120/208V/3PH/4W
FMB29,F4001,150AR/AT/120/208V/3PH/4W
FMB28,F4001,150AR/AT/120/208V/3PH/4W
FMB27,F4001,150AR/AT/120/208V/3PH/4W
FMB26,F4001,150AR/AT/120/208V/3PH/4W
FMB25,F4001,150AR/AT/120/208V/3PH/4W
FMB24,F4001,150AR/AT/120/208V/3PH/4W
FTR05,F4001,225KVA//600>120/208V/3PH/4W
FMB11,F4001,400AR/AT/347/600V/3PH/4W
FMB08,F4001,60AR/AT/347/600V/3PH/4W
FMB04,F4001,400AR/AT/347/600V/3PH/4W
FMB03,F4001,400AR/AT/347/600V/3PH/4W
FMB02,F4001,300AR/AT/347/600V/3PH/4W
FMB01,F4001,1200AR/AT/347/600V/3PH/4W
DDIS72,FOODCOURT_ROOF,60AR/AF347/600V/3PH/4W
DDIS73,FOODCOURT_ROOF,60AR/AF347/600V/3PH/4W
GPP23,G1001,100AR/100AMB/120/208V/3PH/4W
GLP01,G1008-C,225AR/60AT/120/208V/3PH/4W
GEP04,G1008-C,225AR/200AT/120/208V/3PH/4W
GPP06,G1008-C,225AR/100AT/120/208V/3PH/4W
GELEV01,G1009-1,100A347/600V/3PH/4W
GPP22,G1012,225AR/200AT/120/208V/3PH/4W
GPP21,G1013,225AR/200AT/120/208V/3PH/4W
GPP07,G1013,100AR/100AT/120/208V/3PH/4W
GPP26,G2001,100AR/100AMB/120/208V/3PH/4W
GPP26,G2001,100AR/100AMB/120/208V/3PH/4W
GEP08,G2008-C,225AR/100AT/120/208V/3PH/4W
GPP25,G2010,225AR/AT/200AMB/120/208V/3PH/4W
GPP24,G2014,100AR/AT/100AMB/120/208V/3PH/4W
GMDIS01,G2019,200A/347/600VV/3PH/4W
GTR02,G2019,15KVA//600>208V/3PH/4W
GPP04-CCT2/4/6,G2019,20AR/AT/347/600V/3PH/4W
GPP04,G2019,100AR/AF/347/600V/3PH/4W
GATS01,G2019,100A/347/600VV/3PH/4W
GLP11,G2019,225AR/60AT/120/208V/3PH/4W
GLP02,G2019,225AR/150AT/120/208V/3PH/4W
GMB21,G2019,200AR/AT/120/208V/3PH/4W
GMB20,G2019,60AR/AT/120/208V/3PH/4W
GMB19,G2019,150AR/AT/120/208V/3PH/4W
GMB18,G2019,60AR/AT/120/208V/3PH/4W
GMB17,G2019,150AR/AT/120/208V/3PH/4W
GMB16,G2019,100AR/AT/120/208V/3PH/4W
GMB15,G2019,150AR/AT/120/208V/3PH/4W
GMB14,G2019,100AR/AT/120/208V/3PH/4W
GMB13,G2019,150AR/AT/120/208V/3PH/4W
GMB12,G2019,100AR/AT/120/208V/3PH/4W
GTR01,G2019,300KVA//600>120/208V/3PH/4W
GMDIS08,G2019,400AR/150AF/347/600V/3PH/4W
GMDIS06,G2019,100AR/AF/347/600V/3PH/4W
GMDIS04,G2019,400AR/250AF/347/600V/3PH/4W
GMDIS03,G2019,100AR/AF/347/600V/3PH/4W
GMDIS02,G2019,100AR/AF/347/600V/3PH/4W
GPP04-BKR,G2019E,10R/AT/347/600V/3PH/4W
GLP05,G2019E,225AR/42AT/120/208V/3PH/4W
GATS01,G2019E,100A/347/600VV/3PH/4W
GPP09,G3001,225AR/150AT/120/208V/3PH/4W
GPP02,G3006,225AR/100AT/347/600V/3PH/4W
GPP10,G3006,225AR/150AT/120/208V/3PH/4W
GPP20,G3008,250AR/100AT/120/208V/3PH/4W
GMB37,G3008,100AR/AT/120/208V/3PH/4W
GMB36,G3008,100AR/AT/120/208V/3PH/4W
GMB35,G3008,100AR/AT/120/208V/3PH/4W
GMB34,G3008,100AR/AT/120/208V/3PH/4W
GMB32,G3008,200AR/AT/120/208V/3PH/4W
GMB31,G3008,200AR/AT/120/208V/3PH/4W
GMB30,G3008,200AR/AT/120/208V/3PH/4W
GTR03,G3008,145KVA//600>120/208V/3PH/4W
GMDIS02,G3008,200AR/NF/600V/3PH/3W
GLP03,G3008,225AR/150AT/120/208V/3PH/4W
GMSW01,GBLOCKCOOLTWRAREA,400AR/AF/347/600V/3PH/4W
GHYDROGRID,GBUILDING,600V3P/4W
HEP02-CCT10/12/14,H1003,30AR/AT/120/208V/3PH/4W
HEP01-CCT10/12/14,H1003,100AR/AT/120/208V/3PH/4W
HEP01-CCT16/18/20,H1003,70AR/AT/120/208V/3PH/4W
HLP04,H1003,225AR/100AT/347/600V/3PH/4W
HLP05,H1003,100AR/AT/120/208V/3PH/4W
HEP03,H1003,100AR/AT/120/208V/3PH/4W
HMB31,H1003,100AR/AT/120/208V/3PH/4W
HMB29,H1003,100AR/AT/120/208V/3PH/4W
HMB27,H1003,400AR/AT/120/208V/3PH/4W
HMB26,H1003,400AR/AT/120/208V/3PH/4W
HMB25,H1003,400AR/AT/120/208V/3PH/4W
HTR01,H1003,225KVA//600>120/208V/3PH/4W
HMB14,H1003,70AR/AT/347/600V/3PH/4W
HMB12,H1003,100AR/AT/347/600V/3PH/4W
HMB09,H1003,100AR/AT/347/600V/3PH/4W
HMB07,H1003,100AR/AT/347/600V/3PH/4W
HMB05,H1003,100AR/AT/347/600V/3PH/4W
HMB06,H1003,400AR/AT/347/600V/3PH/4W
HMB04,H1003,400AR/AT/347/600V/3PH/4W
KMB01,H1003,400AR/AT/347/600V/3PH/4W
HMB02,H1003,800AR/AT/347/600V/3PH/4W
HMB01,H1003,1600AR/800AT/347/600V/3PH/4W
HTR10,H1003E,30KVA//600>120/208V/3PH/4W
HDIS02,H1003E,60AR/35AF/347/600V/3PH/4W
HEP02,H1003E,100AR/70AT/120/208V/3PH/4W
HTR04,H1003E,30KVA//600>120/208V/3PH/4W
HDIS01,H1003E,60AR/AF/347/600V/3PH/4W
HATS01,H1003E,100AR/AT/347/600V/3PH/4W
HATS01,H1003E,100AR/AT/347/600V/3PH/4W
HMB11,H1003E,100AR/AT/347/600V/3PH/4W
HPP02-BKR,H1003-EL,225AR/AT/120/208V/3PH/4W
HPP01-BKR,H1003-EL,225AR/AT/120/208V/3PH/4W
HEP04-BKR,H1003-EL,225AR/AT/120/208V/3PH/4W
HPP02,H1003-EL,225AR/AMB/120/208V/3PH/4W
HPP01,H1003-EL,225AR/AMB/120/208V/3PH/4W
HEP04,H1003-EL,225AR/AMB/120/208V/3PH/4W
HLP01,H1003-EL,225AR/100AT/347/600V/3PH/4W
HDIS02,H1017,100AR/80AF/600V/3PH/3W
HPP15,H1025,400AR/AT/120/208V/3PH/4W
HEP12,H1028,100AR/AT/120/208V/3PH/4W
HMB73,H1028,100AR/AT/120/208V/3PH/4W
HCTR04,H1028,100AR/AT/120/208V/3PH/4W
HMB56,H1028,100AR/AT/347/600V/3PH/4W
HMB54,H1028,100AR/AT/347/600V/3PH/4W
HMB52,H1028,100AR/AT/347/600V/3PH/4W
HMB71,H1028,100AR/AT/120/208V/3PH/4W
HMB70,H1028,400AR/225AT/120/208V/3PH/4W
HMB69,H1028,400AR/AT/120/208V/3PH/4W
HMB68,H1028,400AR/AT/120/208V/3PH/4W
HMB67,H1028,400AR/AT/120/208V/3PH/4W
HMB66,H1028,400AR/AT/120/208V/3PH/4W
HMB65,H1028,400AR/AT/120/208V/3PH/4W
HTR02,H1028,30KVA//600>120/208V/3PH/4W
HMB58,H1028,30AR/AT/347/600V/1PH/2W
HMB55,H1028,50AR/AT/600V/3PH/3W
HMB49,H1028,400AR/350AT/600V/3PH/3W
HPP10-BKR,H1033-EL,225AR/AT/120/208V/3PH/4W
HPP09-BKR,H1033-EL,225AR/AT/120/208V/3PH/4W
HEP08-BKR,H1033-EL,225AR/AT/120/208V/3PH/4W
HLP06,H1033-EL,225AR/100AT/347/600V/3PH/4W
HPP14,H1034,400AR/AT/120/208V/3PH/4W
HPP04-BKR,H2003-EL,225AR/AT/120/208V/3PH/4W
HPP03-BKR,H2003-EL,225AR/AT/120/208V/3PH/4W
HEP05-BKR,H2003-EL,225AR/AT/120/208V/3PH/4W
HPP04,H2003-EL,225AR/AMB/120/208V/3PH/4W
HPP03,H2003-EL,225AR/AMB/120/208V/3PH/4W
HEP05,H2003-EL,225AR/AMB/120/208V/3PH/4W
HLP02,H2003-EL,225AR/100AT/347/600V/3PH/4W
HPP13,H2026,225AR/AT/120/208V/3PH/4W
HPP12-BKR,H2031-EL,225AR/AT/120/208V/3PH/4W
HPP11-BKR,H2031-EL,225AR/AT/120/208V/3PH/4W
HEP09-BKR,H2031-EL,225AR/AT/120/208V/3PH/4W
HLP07,H2031-EL,225AR/100AT/347/600V/3PH/4W
HPP06-BKR,H3003-EL,225AR/AT/120/208V/3PH/4W
HPP05-BKR,H3003-EL,225AR/AT/120/208V/3PH/4W
HEP06-BKR,H3003-EL,225AR/AT/120/208V/3PH/4W
HLP03,H3003-EL,225AR/100AT/347/600V/3PH/4W
HPP06,H3003-EL,225AR/AMB/120/208V/3PH/4W
HPP05,H3003-EL,225AR/AMB/120/208V/3PH/4W
HEP06,H3003-EL,225AR/AMB/120/208V/3PH/4W
HPP12,H3022-E,225AR/AMB/120/208V/3PH/4W
HPP11,H3022-E,225AR/AMB/120/208V/3PH/4W
HEP09,H3022-E,225AR/AMB/120/208V/3PH/4W
HPP10,H3022-E,225AR/AMB/120/208V/3PH/4W
HPP09,H3022-E,225AR/AMB/120/208V/3PH/4W
HEP08,H3022-E,225AR/AMB/120/208V/3PH/4W
HPP08,H3022-E,225AR/AMB/120/208V/3PH/4W
HPP07,H3022-E,225AR/AMB/120/208V/3PH/4W
HEP07,H3022-E,225AR/AMB/120/208V/3PH/4W
HPP08-BKR,H3027-EL,225AR/AT/120/208V/3PH/4W
HPP07-BKR,H3027-EL,225AR/AT/120/208V/3PH/4W
HEP07-BKR,H3027-EL,225AR/AT/120/208V/3PH/4W
HLP08,H3027-EL,225AR/100AT/347/600V/3PH/4W
HEP14,H4001,225AR/120/208V/3PH/4W
HTR03,H4001,30KVA//600>120/208V/3PH/4W
HEP13-CCT32/34/36,H4001,35AR/AT/120/208V/3PH/4W
HEP13,H4001,400AR/AT/347/600V/3PH/4W
LONDONHYDRO,HCOURTYARD,1600AR/800AT/347/600V3P/4W
IPP02,I1000-1,100AR/120/208V/3PH/4W
ITR01,I1000-1,15KVA/600>120/208V/3PH/3W
IPP01-CCT2/4/6,I1000-1,20AR/AT/347/600V/3PH/3W
IPP01,I1000-1,125AR/50AT/347/600V/3PH/4W
JPP11,J1016,225AR/100AF/120/208V/3PH/4W
JPP11,J1016,225AR/100AF/120/208V/3PH/4W
JPP11,J1016,225AR/100AF/120/208V/3PH/4W
JPP12,J1016,225AR/100AF/120/208V/3PH/4W
JPP11,J1016,225AR/100AF/120/208V/3PH/4W
JDIS03,J1032-1,100AR/AF/120/208V/3PH/4W
JDIS01,J1032-1,200AR/AF/120/208V/3PH/4W
JPP03,J1032-1,150AR/AT/120/208V/3PH/4W
JDIS04,J1032-2,100AR/AF/120/208V/3PH/4W
JDIS02,J1032-2,200AR/AF/120/208V/3PH/4W
JMCC02,J1036-1,100AR/AT347/600V3PH3W
JPP02,J1038-1,150AR/AT/120/208V/3PH/4W
JPP01,J1038-1,150AR/AT/120/208V/3PH/4W
JMB55,J1038-1,60AR/AT/120/208V/1PH/3W
JMB54,J1038-1,60AR/AT/120/208V/1PH/3W
JMB53,J1038-1,60AR/AT/120/208V/1PH/3W
JMB52,J1038-1,60AR/AT/120/208V/1PH/3W
JMB51,J1038-1,60AR/AT/120/208V/1PH/3W
JMB50,J1038-1,60AR/AT/120/208V/1PH/3W
JMB49,J1038-1,150AR/AT/120/208V/3PH/4W
JMB48,J1038-1,100AR/AT/120/208V/3PH/4W
JMB47,J1038-1,150AR/AT/120/208V/3PH/4W
JMB46,J1038-1,100AR/AT/120/208V/3PH/4W
JMB45,J1038-1,100AR/AT/120/208V/3PH/4W
JMB44,J1038-1,150AR/AT/120/208V/3PH/4W
JMB43,J1038-1,100AR/AT/120/208V/3PH/4W
JMB42,J1038-1,50AR/AT/120/208V/3PH/4W
JMB40,J1038-1,150AR/AT/120/208V/3PH/4W
JMB39,J1038-1,100AR/AT/120/208V/3PH/4W
JMB36,J1038-1,200AR/AT/120/208V/3PH/4W
JMB34,J1038-1,200AR/AT/120/208V/3PH/4W
JTR01,J1038-1,300KvA600>120/208V/3PH/4W
JLP04,J1038-1,100AR/AT/347/600V/3PH/4W
JMB30,J1038-1,1200AR/1000AT/347/600V/3PH/4W
JMB15,J1038-1,600AR/AT/347/600V/3PH/4W
JMB14,J1038-1,600AR/500AT/347/600V/3PH/4W
JMB13,J1038-1,400AR/300AT/347/600V/3PH/4W
JMB12,J1038-1,400AR/300AT/347/600V/3PH/4W
JMB05,J1038-1,100AR/AT/347/600V/3PH/4W
JMB04,J1038-1,100AR/AT/347/600V/3PH/4W
JMB02,J1038-1,40AR/AT/347/600V/3PH/4W
JMBO1,J1038-1,1200A/347/600V/3PH/4W
JPP08,J2002-1,225AR/AF/120/208V/3PH/4W
JSDP03,J2005,225AR/AF/347/600V/3PH/4W
JPP09,J2007,225AR/AF/120/208V/3PH/4W
JPP07,J2008-C,225AR/AF/120/208V/3PH/4W
JPP06,J2008-C,225AR/AF/120/208V/3PH/4W
JTR02,J2013,225KvA600>120/208V3PH4W
JSDP02-BKR10,J2013,400AR/AT/347/600V/3PH/4W
JSDP02-BKR09,J2013,200AR/AT/347/600V/3PH/4W
JSDP02-BKR05,J2013,40AR/AT/347/600V/3PH/4W
JDIS37,J2013,100AR/AF/120/208V/3PH/4W
JDIS36,J2013,100AR/AF/120/208V/3PH/4W
JDIS35,J2013,100AR/AF/120/208V/3PH/4W
JDIS34,J2013,100AR/AF/120/208V/3PH/4W
JDIS33,J2013,100AR/AF/120/208V/3PH/4W
JDIS32,J2013,100AR/AF/120/208V/3PH/4W
JDIS31,J2013,200AR/AF/120/208V/3PH/4W
JPP04,J2015,150AR/AT/120/208V/3PH/4W
JCT01,J3001,100A/600V/3PH/3W
JMS12,J3001,100A/600V/3PH/3W
JPP05,J3001,150AR/AT/120/208V/3PH/4W
JMCC01,J3001,300AR/AT347/600V3PH3W
JSS01,JSITE,
KDIS02,K1008,200AR/AF120/208V/3PH/4W
KEP02,K1008,200AR/200AF120/208V/3PH/4W
KDIS03,K1008,200AR/AF120/208V/3PH/4W
KPP01,K1008,200AR/200AF120/208V/3PH/4W
KDIS01,K1008,200AR/AF120/208V/3PH/4W
KTR01,K1008,112.5KVA/600>120/208V/3PH/4W
KEP01-CCT14/16/18,K1008,150AR/AT120/208V/3PH/4W
KEP03,K1008E,100AR/70AT120V/208V/3PH/4W
KLP01,K1008E,100AR/30AT120V/208V/3PH/4W
KPP02,K1027,200AR/AF120/208V/3PH/4W
LPP01#1,L1003-16,225AR/100AF/208V/3PH/4W
LLP01,L1003-16,225AR/60AF/208V/3PH/4W
LPP04,L1003-16,225AR/60AF/208V/3PH/4W
LPP03,L1003-16,225AR/60AF/208V/3PH/4W
LPP02,L1003-16,225AR/100AF/208V/3PH/4W
LPP01#2,L1003-16,225AR/100AF/208V/3PH/4W
LDIS25,L1003-16,100AR/AF/208V/3PH/4W
LDIS24,L1003-16,100AR/AF/208V/3PH/4W
LDIS22,L1003-16,60AR/AF/208V/3PH/4W
LDIS21,L1003-16,60AR/AF/208V/3PH/4W
LDIS20,L1003-16,60AR/AF/208V/3PH/4W
LDIS19,L1003-16,60AR/AF/208V/3PH/4W
LDIS1S18,L1003-16,60AR/AF/208V/3PH/4W
LDIS17,L1003-16,60AR/AF/208V/3PH/4W
LDIS16,L1003-16,60AR/AF/208V/3PH/4W
LDIS15,L1003-16,100AR/AF/208V/3PH/4W
LDIS14,L1003-16,100AR/AF/208V/3PH/4W
LTR01,L1003-16,112.5KVA/600V>120/208/3PH/4W
LDIS03,L1003-16,200AR/125AF/347/600V/3PH/4W
LDIS02,L1003-16,200AR/AF/347/600V/3PH/4W
LDIS01,L1003-16,400AR/AF347/600V/3PH/4W
LEDP01-CCT1/3/5,L1003-16E,50AR/AT/347/600V/3PH/3W
LPP06,L1003-16E,225AR/208V/3PH/4W
LTR02,L1003-16E,15KVA/600>120/208V/3PH/4W
LEDP01-CCT2/4/6,L1003-16E,15AR/AT/347/600V/3PH/4W
LPP07,L1003-3,225AR/60AF/208V/3PH/4W
LPP08,L2003-3,225AR/100AMB/60AF/208V/3PH/4W
LPP09,L2003-3,225AR/100AMB/100AF/208V/3PH/4W
LPP12,L2005-2,225AR/100AF/208V/3PH/4W
LPP13,L2005-2,225AR/100AF/208V/3PH/4W
LPP11,L3003-3,225AR/100AMB/100AT/208V/3PH/4W
LPP10,L3003-3,225AR/60AF/208V/3PH/4W
LELEVATORDISC,L4003-2,30AR/AF/347/600V/3PH/3W
MLP10,M0119-1,200AR/150AT/150AMB/120/208V/3PH/4W
MDIS05,M1002,100A/600V/3PH/3W
MPP11,M1011-C,100AR/40AF/120/208V/3PH/4W
MEP06,M1011-C,200AR/AT/120/208V/3PH/4W
MPP07,M1011-C,200AR/AT/120/208V/3PH/4W
MLP09,M1011-C,200AR/AT/120/208V/3PH/4W
MMB01,M1019,150A/600V/3PH/3W
MMB01,M1019,150A/600V/3PH/3W
MMB01,M1019,150A/600V/3PH/3W
MMB01,M1019,150A/600V/3PH/3W
MMB01,M1019,150A/600V/3PH/3W
MMB01,M1019,150A/600V/3PH/3W
MMB01,M1019,150A/600V/3PH/3W
MMB01,M1019,150A/600V/3PH/3W
MMB01,M1019,150A/600V/3PH/3W
MMB01,M1019,150A/600V/3PH/3W
MMB01,M1019,150A/600V/3PH/3W
MMB01,M1019,150A/600V/3PH/3W
MMB01,M1019,150A/600V/3PH/3W
MMB01,M1019,150A/600V/3PH/3W
MMB01,M1019,150A/600V/3PH/3W
MMB01,M1019,150A/600V/3PH/3W
MMB01,M1019,150A/600V/3PH/3W
MMB01,M1019,150A/600V/3PH/3W
MMB01,M1019,150A/600V/3PH/3W
MMB01,M1019,150A/600V/3PH/3W
MMB01,M1019,150A/600V/3PH/3W
MMB01,M1019,150A/600V/3PH/3W
MMB01,M1019,150A/600V/3PH/3W
MMB01,M1019,150A/600V/3PH/3W
MMB01,M1019,150A/600V/3PH/3W
MMB01,M1019,150A/600V/3PH/3W
MMB01,M1019,150A/600V/3PH/3W
MMB76,M1019-1,150AR/AT/120/208V/3PH/4W
MTR04,M1019-1,75KVA/600>120/208V/3PH/3W
MLP14,M1019-1,800AR/120/208V/3PH/4W
MTR05,M1019-1,225KVA/600>120/208V/3PH/3W
MPP06,M1032-C,200AR/AT/120/208V/3PH/4W
MEP05,M1032-C,200AR/AT/120/208V/3PH/4W
MPP05,M1032-C,200AR/AT/120/208V/3PH/4W
MLP08,M1032-C,200AR/AT/120/208V/3PH/4W
MUPS02-PP02,M1035-1,200A/208V/3PH/3W
MPP08-CCT2/4/6,M1035-2,40AR/AT/120/208V/3PH/3W
MPP08,M1035-2,200AR/100AF/120/208V/3PH/4W
MUPS02-DIS02,M1041,200A/208V/3PH/3W
MUPS02-DIS01,M1041,200A/208V/3PH/3W
MUPS02-MMBS02,M1041,400A/600V/3PH/3W
MUPS02-SUBFEED,M1041,400A/208V/3PH/3W
MUPS02,M1041,112.5kVA/208V/3PH/3W
MUPS02,M1041,112.5kVA/208V/3PH/3W
MUPS02-Q2,M1041,400A/208V/3PH/3W
MUPS02-Q3,M1041,400A/208V/3PH/3W
MUPS02-Q1,M1041,400A/208V/3PH/3W
MUPS02-TR01,M1041,112.5kVA/600>120/208V/3PH/3W
MUPS02-MMBS02,M1041,400A/600V/3PH/3W
MBPS01-MUPS,M1041,222A/208V/80kVA
MBPS01-MUPS-Q002,M1041,400A/208V/3PH/3W
MBPS01-MUPS-Q003,M1041,400A/208V/3PH/3W
MBPS01-MUPS,M1041,270A/208V/80kVA
MBPS01-MUPS-Q001,M1041,400A/208V/3PH/3W
MMBUPS02,M1049,150AR/AT/600V/3PH/3W
MDIS04,M1049,200AR/175AF/120/208V/3PH/4W
MDIS03,M1049,100AR/AF/120/208V/3PH/4W
MTR07,M1049,112.5KVA/600>120/208V/3PH/3W
MMB85,M1049,125AR/AT/600V/3PH/3W
MMB87,M1049,70AR/AT/600V/3PH/3W
MMB84,M1049,125AR/AT/600V/3PH/3W
MMB86,M1049,50AR/AT/600V/3PH/3W
MATS01,M1049,600AR/AT/347/600V/3PH/3W
MLP13,M1049,225AR/120/208V/3PH/4W
MTR06,M1049,15KVA/600>120/208V/3PH/3W
MLP07-CCT44/46/48,M1049,15AR/AT/347/600V/3PH/3W
MLP07,M1049,200AR/100AMB/347/600V/3PH/4W
MMB20,M1049,100AR/AT/600V/3PH/3W
MMB21,M1049,50AR/AT/347/600V/3PH/4W
MMB19,M1049,250AR/200AT/600V/3PH/3W
MMB03,M1049,600AR/AT/600V/3PH/3W
MMB02,M1049,800AR/700AT/600V/3PH/3W
MMB08,M1049,400AR/350AT/600V/3PH/3W
MMB07,M1049,400AR/350AT/600V/3PH/3W
MMB06,M1049,400AR/350AT/600V/3PH/3W
MMB04,M1049,600AR/AT/600V/3PH/3W
MMB01,M1049,1600AR/AT347/600V/3PH/4W
MMB05,M1049E,400AR/AT/600V/3PH/3W
MEP04,M2011-C,200AR/AT/120/208V/3PH/4W
MLP05,M2011-C,200AR/AT/120/208V/3PH/4W
MPP04,M2011-C,200AR/AT/120/208V/3PH/4W
MPP12,M2011-C,200AR/AT/120/208V/3PH/4W
MPP10,M2032-C,200AR/AT/120/208V/3PH/4W
MPP13,M2032-C,200AR/AT/120/208V/3PH/4W
MPP03,M2032-C,200AR/AT/120/208V/3PH/4W
MEP03,M2032-C,200AR/AT/120/208V/3PH/4W
MLP04,M2032-C,200AR/AT/120/208V/3PH/4W
MMB61,M2035-1,200AR/120/208V/3PH/4W
MMB60,M2035-1,200AR/120/208V/3PH/4W
MMB59,M2035-1,200AR/120/208V/3PH/4W
MMB58,M2035-1,200AR/120/208V/3PH/4W
MMB57,M2035-1,200AR/120/208V/3PH/4W
MMB56,M2035-1,200AR/120/208V/3PH/4W
MMB55,M2035-1,200AR/120/208V/3PH/4W
MMB50,M2035-1,200AR/120/208V/3PH/4W
MMB49,M2035-1,200AR/120/208V/3PH/4W
MMB48,M2035-1,200AR/120/208V/3PH/4W
MMB46,M2035-1,200AR/120/208V/3PH/4W
MMB45,M2035-1,200AR/120/208V/3PH/4W
MMB44,M2035-1,200AR/120/208V/3PH/4W
MMB47,M2035-1,200AR/120/208V/3PH/4W
MMB52,M2035-1,200AR/120/208V/3PH/4W
MMB43,M2035-1,200AR/120/208V/3PH/4W
MMB53,M2035-1,200AR/120/208V/3PH/4W
MMB51,M2035-1,200AR/120/208V/3PH/4W
MTR02,M2035-1,300KVA/600>120/208V/3PH/3W
MTR03,M2035-1,300KVA/600>120/208V/3PH/3W
MUPS02-PP01-BKR,M2037-1,60A/208V/3PH/3W
MUPS02-PP01,M2037-1,200A/208V/3PH/3W
MPP09,M2037-2,200AR/AT/120/208V/3PH/4W
MLP06,M2055-1,200AR/150AT/150AMB/120/208V/3PH/4W
MEP02,M3011-C,200AR/AT/120/208V/3PH/4W
MPP02,M3011-C,200AR/AT/120/208V/3PH/4W
MLP02,M3011-C,200AR/AT/120/208V/3PH/4W
MEP01,M3032-C,200AR/AT/120/208V/3PH/4W
MLP01,M3032-C,200AR/AT/120/208V/3PH/4W
MPP01,M3032-C,200AR/AT/120/208V/3PH/4W
MMB31,M3035-1,200AR/120/208V/3PH/4W
MMB36,M3035-1,200AR/120/208V/3PH/4W
MMB37,M3035-1,200AR/120/208V/3PH/4W
MMB32,M3035-1,200AR/120/208V/3PH/4W
MMB34,M3035-1,200AR/120/208V/3PH/4W
MMB33,M3035-1,200AR/120/208V/3PH/4W
MMB35,M3035-1,200AR/120/208V/3PH/4W
MTR01,M3035-1,300KVA/600>120/208V/3PH/3W
MPP14,M3042-C,200AR/AT/120/208V/3PH/4W
MUPS02-PP03,M3055,200A/208V/3PH/3W
MLP03,M3955-1,200AR/150AT/150AMB/120/208V/3PH/4W
MDIS38,M4002,200A/600V/3PH/3W
MDIS37,M4002,200A/600V/3PH/3W
MDIS36,M4002,200A/600V/3PH/3W
MDIS35,M4002,200A/600V/3PH/3W
MEP07,M4002,200AR/AT/120/208V/3PH/4W
MLP11,M4002,200AR/AT/120/208V/3PH/4W
MGENMB01,MBLDG,600AR/AT/347/600V/3PH/4W
NLP01,N1006,200AR/AMB/120/208V/3PH/4W
NTR01,N1006,45KVA/600>120/208V/3PH/4W
NDIS01,N1006,100AR/347/600V/3PH/4W
MSS01,OUTSIDE,347/600V3PH4W
PDIS04,P1001,60A/600V/3P/3W
PPP01,P1001,100AR/AF120/208V/3PH/4W
PSPD01-13,P1001,100AR/AF120/208V/3PH/4W
PDIS06,P1001,600AR/300AF120/208V/3PH/4W
PTR01,P1001,300KvA/600>120/208V/3PH/4W
PLP01,P1001,225AR347/600V/3PH/4W
PDIS07,P1001,60AR/30AF347/600V/3PH/4W
PTR02,P1001,30KvA/600D>347/600Y/3PH/4W
PDIS05,P1001,200AR/125AF600V/3PH/3W
PDIS02,P1001,60AR/35AF600V/3PH/3W
PDIS01,P1001,200AR/AF600V/3PH/3W
R1TR02,R1006,225KVA/600V>120/208V/3PH/4W
R1PP19,R1019,250AR/100AT/120/208V/3PH/4W
R1PP21,R1020,250AR/200AT/120/208V/3PH/4W
R1PP20,R1020-1,250AR/200AT/120/208V/3PH/4W
R1TR04,R1030,225KVA/600V>120/208V/3PH/4W
R1DISELEVATORB,R1038,100AR/100AF/347/600V/3PH/4W
R1DISELEVATORA,R1038,100AR/100AF/347/600V/3PH/4W
R1ATS02-FIREPUMP,R1055,200A/600V/3PH/4W
R1ATS02,R1055,100AR/200AT/347/600V/3PH/4W
R1ATS02,R1055,200AR/100AT/347/600V/3PH/4W
R1ATS01,R1057,200AR/200AT/347/600V/3PH/4W
R1MB02,R1057,200AR/AF/347/600V/3PH/4W
R1DIS16,R1057,200AR/200AF/347/600V/3PH/4W
R1ATS01,R1057,200AR/200AT/347/600V/3PH/4W
R1EPP01,R1057,250AR/100AT/120/208V/3PH/4W
R1EDP01-CCT2/4/6,R1057,100AR/100AT/120/208V/3PH/4W
R1EDP01-CCT1/3/5,R1057,100AR/100AT/120/208V/3PH/4W
R1ATS01,R1057,200AR/200AT/347/600V/3PH/4W
R1TR05,R1057,45KVA/600V>120/208V/3PH/4W
R1DIS19,R1057,60AR/50AF/347/600V/3PH/4W
R1DIS18,R1057,100AR/100AF/347/600V/3PH/4W
R1DIS17,R1057,100AR/100AF/347/600V/3PH/4W
R1ATS01,R1057,200AR/200AT/347/600V/3PH/4W
R1ATS01,R1057,200AR/200AT/347/600V/3PH/4W
R1ATS01,R1057,200AR/200AT/347/600V/3PH/4W
R1ATS01,R1057,200AR/200AT/347/600V/3PH/4W
R1EP01,R1057,200AR/200AF/347/600V/3PH/4W
R1DIS01,R1057,200AR/200AF/347/600V/3PH/4W
R1TR03,R1057,225KVA/600V>120/208V/3PH/4W
R1TR01,R1057,225KVA/600V>120/208V/3PH/4W
R1MB10,R1057,200AR/200AT/347/600V/3PH/4W
R1MB09,R1057,200AR/200AT/347/600V/3PH/4W
R1MB08,R1057,400AR/300AT/347/600V/3PH/4W
R1MB07,R1057,400AR/300AT/347/600V/3PH/4W
R1MB06,R1057,400AR/300AT/347/600V/3PH/4W
R1MB05,R1057,400AR/300AT/347/600V/3PH/4W
R1MB04,R1057,400AR/400AT/347/600V/3PH/4W
R1MB03,R1057,400AR/400AT/347/600V/3PH/4W
R1DIS15,R1057,200AR/200AF/347/600V/3PH/4W
R1MB01,R1057,1200AR/1000AT/347/600V/3PH/4W
R1PP04,R1057,250AR/200AT/120/208V/3PH/4W
R1PP03,R1057,250AR/200AT/120/208V/3PH/4W
R1MB36,R1057,200AR/200AT/120/208V/3PH/4W
R1MB35,R1057,200AR/200AT/120/208V/3PH/4W
R1MB34,R1057,200AR/200AT/120/208V/3PH/4W
R1MB33,R1057,200AR/200AT/120/208V/3PH/4W
R1MB32,R1057,200AR/200AT/120/208V/3PH/4W
R1MB31,R1057,200AR/200AT/120/208V/3PH/4W
R1MB30,R1057,100AR/100AT/120/208V/3PH/4W
R1MB28,R1057,100AR/100AT/120/208V/3PH/4W
R2TR01,R2_1002,225KVA600>120/208V3PH4W
R2TR02,R2_1002,225KVA600>120/208V3PH4W
R2TR04,R2_1002,225KVA600>120/208V3PH4W
R2PP13,R2_1007,100A120/208V3PH4W
R2DIS21,R2_1014,100A600V3PH3W
R2DIS20,R2_1014,100A600V3PH3W
R2ATS02-FIREPUMP,R2_1027,200A/600V/3PH/3W
R2ATS02,R2_1027,200A600V3PH3W
R2ATS02,R2_1027,100A600V3PH3W
R2MB01,R2_1029,200A600V3PH3W
R2MB03,R2_1029,300A600V3PH3W
R2MB12,R2_1029,300A600V3PH3W
R2MB11,R2_1029,300A600V3PH3W
R2MB10,R2_1029,400A600V3PH3W
R2PP01,R2_1029,200A120/208V3PH4W
R2DIS01,R2_1029,200A600V3PH3W
"R2PP02_BKR1,3,5",R2_1029,100AR/AT120/208V3PH4W
R2PP03,R2_1029,100A120/208V3PH4W
"R2PP02_BKR7,9,11",R2_1029,100AR/AT120/208V3PH4W
R2PP02,R2_1029,225A120/208V3PH4W
R2TR05,R2_1029,45KVA600>120/208V3PH4W
R2DIS19,R2_1029,60A600V3PH3W
R2ATS01,R2_1029,200A600V3PH3W
R2MB08,R2_1029,200A600V3PH3W
R2EP01,R2_1029,200A120/208V3PH4W
R2SDP01_BKR38,R2_1029,100AR/AT120/208V3PH4W
R2SDP01_BKR34,R2_1029,200AR/AT120/208V3PH4W
R2PP04,R2_1029,200A120/208V3PH4W
R2SDP01_BKR33,R2_1029,200AR/AT120/208V3PH4W
R2SDP01_BKR32,R2_1029,200AR/AT120/208V3PH4W
R2SDP01_BKR31,R2_1029,200AR/AT120/208V3PH4W
R2SDP01_BKR30,R2_1029,200AR/AT120/208V3PH4W
R2DIS18,R2_1029,100A600V3PH3W
R2DIS17,R2_1029,100A600V3PH3W
R2ATS01,R2_1029,200A600V3PH3W
JDIS20,R2_1029,30A600V3PH3W
R2DIS16,R2_1029,200A600V3PH3W
R2DIS15,R2_1029,200A600V3PH3W
R2TR03,R2_1029,225KVA600>120/208V3PH4W
R2MB09,R2_1029,200A600V3PH3W
R2MB05,R2_1029,400A600V3PH3W
R2MB04,R2_1029,300A600V3PH3W
R2MB03,R2_1029,300A600V3PH3W
R2MB01,R2_1029,1200AR/1200AT347/600V3PH4W
R2PP06,R2_1029,200A120/208V3PH4W
R2-319,R2_2002,100A/208V/3PH/4W
R2-318,R2_2002,100A/208V/3PH/4W
R2-317,R2_2002,100A/208V/3PH/4W
R2-316,R2_2002,100A/208V/3PH/4W
R2-315,R2_2002,100A/208V/3PH/4W
R2-314,R2_2002,100A/208V/3PH/4W
R2-219,R2_2002,100A/208V/3PH/4W
R2-218,R2_2002,100A/208V/3PH/4W
R2-217,R2_2002,100A/208V/3PH/4W
R2-216,R2_2002,100A/208V/3PH/4W
R2-215,R2_2002,100A/208V/3PH/4W
R2-214,R2_2002,100A/208V/3PH/4W
R2PP07,R2_2005,200A120/208V3PH4W
R2PP09,R2_2006,100A120/208V3PH4W
R2PP05,R2_2006,200A120/208V3PH4W
R2-619,R2_5002,100A/208V/3PH/4W
R2-618,R2_5002,100A/208V/3PH/4W
R2-617,R2_5002,100A/208V/3PH/4W
R2-616,R2_5002,100A/208V/3PH/4W
R2-615,R2_5002,100A/208V/3PH/4W
R2-614,R2_5002,100A/208V/3PH/4W
R2-519,R2_5002,100A/208V/3PH/4W
R2-518,R2_5002,100A/208V/3PH/4W
R2-517,R2_5002,100A/208V/3PH/4W
R2-516,R2_5002,100A/208V/3PH/4W
R2-515,R2_5002,100A/208V/3PH/4W
R2-514,R2_5002,100A/208V/3PH/4W
R2-419,R2_5002,100A/208V/3PH/4W
R2-418,R2_5002,100A/208V/3PH/4W
R2-417,R2_5002,100A/208V/3PH/4W
R2-416,R2_5002,100A/208V/3PH/4W
R2-415,R2_5002,100A/208V/3PH/4W
R2-414,R2_5002,100A/208V/3PH/4W
R2PP08,R2_5005,200A120/208V3PH4W
R2PP10,R2_5006,100A120/208V3PH4W
R2DIS08,R2_7001,60A600V3PH3W
R2DIS07,R2_7001,100A600V3PH3W
R2PP11,R2_7001,42A120/208V3PH4W
R2TR06,R2_7001,15KVA600>120/208V3PH4W
R2DIS06,R2_7001,100A600V3PH3W
R2DIS05,R2_7001,30A600V3PH3W
R2DIS04,R2_7001,30A600V3PH3W
R2DIS03,R2_7001,20A600V3PH3W
R2DIS02,R2_7001,300A600V3PH3W
R1MB3004,R2003,100A/208V/3PH/4W
R1MB3039,R2003,100A/208V/3PH/4W
R1MB3034,R2003,100A/208V/3PH/4W
R1MB3047,R2003,100A/208V/3PH/4W
R1MB3038,R2003,100A/208V/3PH/4W
R1MB3009,R2003,100A/208V/3PH/4W
R1MB2002,R2003,100A/208V/3PH/4W
R1MB2007,R2003,100A/208V/3PH/4W
R1MB2039,R2003,100A/208V/3PH/4W
R1MB2032,R2003,100A/208V/3PH/4W
R1MB2045,R2003,100A/208V/3PH/4W
R1MB2036,R2003,100A/208V/3PH/4W
R1PP07,R2003,250AR/200AT/120/208V/3PH/4W
R1MB3016,R2006,100A/208V/3PH/4W
R1MB3025,R2006,100A/208V/3PH/4W
R1MB3021,R2006,100A/208V/3PH/4W
R1MB3017,R2006,100A/208V/3PH/4W
R1MB3012,R2006,100A/208V/3PH/4W
R1MB3013,R2006,100A/208V/3PH/4W
R1MB2016,R2006,100A/208V/3PH/4W
R1MB2025,R2006,100A/208V/3PH/4W
R1MB2021,R2006,100A/208V/3PH/4W
R1MB2017,R2006,100A/208V/3PH/4W
R1MB2012,R2006,100A/208V/3PH/4W
R1MB2013,R2006,100A/208V/3PH/4W
R1MB1019,R2006,100A/208V/3PH/4W
R1MB1014,R2006,100A/208V/3PH/4W
R1MB1023,R2006,100A/208V/3PH/4W
R1MB1015,R2006,100A/208V/3PH/4W
R1MB1008,R2006,100A/208V/3PH/4W
R1MB1011,R2006,100A/208V/3PH/4W
R1EPP02,R2006,250AR/100AT/120/208V/3PH/4W
R1PP05,R2006,250AR/200AT/120/208V/3PH/4W
R1MB3035,R2030,100A/208V/3PH/4W
R1MB3026,R2030,100A/208V/3PH/4W
R1MB3022,R2030,100A/208V/3PH/4W
R1MB3031,R2030,100A/208V/3PH/4W
R1MB3027,R2030,100A/208V/3PH/4W
R1MB3018,R2030,100A/208V/3PH/4W
R1MB2035,R2030,100A/208V/3PH/4W
R1MB2026,R2030,100A/208V/3PH/4W
R1MB2022,R2030,100A/208V/3PH/4W
R1MB2031,R2030,100A/208V/3PH/4W
R1MB2027,R2030,100A/208V/3PH/4W
R1MB2018,R2030,100A/208V/3PH/4W
R1MB1035,R2030,100A/208V/3PH/4W
R1MB1026,R2030,100A/208V/3PH/4W
R1MB1022,R2030,100A/208V/3PH/4W
R1MB1031,R2030,100A/208V/3PH/4W
R1MB1027,R2030,100A/208V/3PH/4W
R1MB1018,R2030,100A/208V/3PH/4W
R2SS01,R2SITE,
R3DIS16,R3-1002,200AR/AF/600V/3PH/3W
R3DIS51,R3-1002,30AR/15AF/600V/3PH/3W
R3DIS50,R3-1002,30AR/15AF/600V/3PH/3W
R3PP02-CCT1/3/5,R3-1002,100AR/AT/120/208V/3PH/4W
R3PP02-CCT2/4/6,R3-1002,100AR/AT/120/208V/3PH/4W
R3PP02,R3-1002,250AR/125AT/120/208V/3PH/4W
R3TR05,R3-1002,45KVA/600>120/208V/3PH/4W
R3DIS19,R3-1002,60AR/60AF/600V/3PH/3W
R3DIS18,R3-1002,100AR/70AF/600V/3PH/3W
R3DIS17,R3-1002,100AR/70AF/600V/3PH/3W
R3PP02-CCT7/9/11,R3-1002,100AR/AT/120/208V/3PH/4W
R3DIS22,R3-1002,60AR/60AT/600V/3PH/3W
R3ATS01,R3-1002,200AR/AF/600V/3PH/3W
R3ATS01,R3-1002,200AR/AF/600V/3PH/3W
R3DIS26,R3-1002,400AR/300AF/600V/3PH/3W
R3DIS15,R3-1002,200AR/AF/600V/3PH/3W
R3DIS14,R3-1002,200AR/AF/600V/3PH/3W
R3DIS24,R3-1006,60AR/AF/120/208V/3PH/4W
R3DIS25,R3-1006,100AR/90AF/208V/3PH/4W
R3TR07,R3-1006,45KVA/600>120/208V/3PH/4W
R3DIS23,R3-1006,60AR/NF/600V/3PH/3W
R3TR02,R3-1006,225KVA/600>120/208V/3PH/4W
R3UPS,R3-1006A,40KVA/208V/3PH/4W
R3PP16,R3-1006A,100AR/90AT/208V/3PH/4W
R3UPS-TS01,R3-1006A,100AR/208V/3PH/4W
R3UPS-TS01,R3-1006A,100AR/90AT/208V/3PH/4W
R3UPS,R3-1006A,40KVA/208V/3PH/4W
R3PP13_SW,R3-1007,100A/208V/3PH/4W
R3PP13,R3-1007,100AR/AMB/120/208V/3PH/4W
R3DIS21,R3-1017,100AR/100AF/600V/3PH/3W
R3DIS20,R3-1017,100AR/100AF/600V/3PH/3W
R3AC_UNIT,R3-1020,100A/208V/3PH/4W
R3CU03,R3-1020,100AR/AT/120/208V/3PH/4W
R3PP01,R3-1020,225AR/200AF/347/600V/3PH/4W
R3MB16,R3-1020,200AR/AT/347/600V/3PH/4W
R3MB10,R3-1020,400AR/AT/600V/3PH/3W
R3MB09,R3-1020,400AR/AT/600V/3PH/3W
R3PP03,R3-1020,250AR/100AF120/208V3PH4W
R3MB02,R3-1020,200AR/200AT/600V/3PH/3W
R3EP01,R3-1020,250AR/200AT/120/208V/3PH/4W
R3SDP01-BKR11,R3-1020,250AR/AT/120/208V/3PH/4W
R3SDP01-BKR10,R3-1020,100AR/AT/120/208V/3PH/4W
R3PP04,R3-1020,250AR/100AT/120/208V/3PH/4W
R3SDP01-BKR08,R3-1020,100AR/AT/120/208V/3PH/4W
R3SDP01-BKR07,R3-1020,100AR/AT/120/208V/3PH/4W
R3SDP01-BKR05,R3-1020,100AR/AT/120/208V/3PH/4W
R3SDP01-BKR03,R3-1020,100AR/AT/120/208V/3PH/4W
R3TR03,R3-1020,225KVA/250AT/600>208V/3PH/4W
R3TR01,R3-1020,225KVA/250AT/600>208V/3PH/4W
R3MB15,R3-1020,200AR/AT/600V/3PH/3W
R3MB08,R3-1020,250AR/AT/600V/3PH/3W
R3MB07,R3-1020,250AR/AT/600V/3PH/3W
R3MB06,R3-1020,250AR/AT/600V/3PH/3W
R3MB05,R3-1020,250AR/AT/600V/3PH/3W
R3MB01,R3-1020,1200AR/1200AT/600V/3PH/3W
R3ATS02-FIREPUMP,R3-1023,30A/600V/3PH/3W
R3ATS02-FIREPUMP,R3-1023,30A/600V/3PH/3W
R3ATS02-FIREPUMP,R3-1023,30A/600V/3PH/3W
R3ATS02,R3-1023,100AR/AF/600V/3PH/3W
R3ATS02,R3-1023,100AR/AF/600V/3PH/3W
R3PP09,R3-2002,250AR/100AF120/208V3PH4W
R3TR04,R3-2002,225KVA/600>120/208V/3PH/4W
R3-316,R3-2007,100A/208V/3PH/4W
R3-319,R3-2007,100A/208V/3PH/4W
R3-321,R3-2007,100A/208V/3PH/4W
R3-219,R3-2007,100A/208V/3PH/4W
R3-318,R3-2007,100A/208V/3PH/4W
R3-221,R3-2007,100A/208V/3PH/4W
R3-314,R3-2007,100A/208V/3PH/4W
R3-216,R3-2007,100A/208V/3PH/4W
R3-315,R3-2007,100A/208V/3PH/4W
R3-218,R3-2007,100A/208V/3PH/4W
R3-312,R3-2007,100A/208V/3PH/4W
R3-215,R3-2007,100A/208V/3PH/4W
R3-217,R3-2007,100A/208V/3PH/4W
R3PP14,R3-2007,250AR/100AF/100AMB/120/208V/3PH/4W
R3PP07,R3-2007,250AR/100AMB/120/208V/3PH/4W
R3PP05,R3-3006,250AR/100AF/100AMB/120/208V/3PH/4W
R3PP10,R3-5002,250AR/100AF120/208V3PH4W
R3PP06,R3-5006,250AR/100AF/100AMB/120/208V/3PH/4W
R3PP12,R3-5007,125A/208V/3PH/4W
R3PP12-BKR,R3-5007,125A/208V/3PH/4W
R3-417,R3-5007,100A/208V/3PH/4W
R3-415,R3-5007,100A/208V/3PH/4W
R3-414,R3-5007,100A/208V/3PH/4W
R3-421,R3-5007,100A/208V/3PH/4W
R3-619,R3-5007,100A/208V/3PH/4W
R3-621,R3-5007,100A/208V/3PH/4W
R3-615,R3-5007,100A/208V/3PH/4W
R3-614,R3-5007,100A/208V/3PH/4W
R3-514,R3-5007,100A/208V/3PH/4W
R3-515,R3-5007,100A/208V/3PH/4W
R3-521,R3-5007,100A/208V/3PH/4W
R3-519,R3-5007,100A/208V/3PH/4W
R3-418,R3-5007,100A/208V/3PH/4W
R3-416,R3-5007,100A/208V/3PH/4W
R3PP15,R3-5007,250AR/60AF/100AMB/120/208V/3PH/4W
R3PP08,R3-5007,250AR/100AF/100AMB/120/208V/3PH/4W
R3SF01_SW,R3-7001,60A/208V/3PH/4W
R3SF02_SW,R3-7001,60A/208V/3PH/4W
R3DIS31,R3-7001,30AR/15AF600V3PH3W
R3DIS29,R3-7001,30AR/15AF600V3PH3W
R3DIS16,R3-7001,30AR/15AF600V3PH3W
R3DIS12,R3-7001,30AR/15AF600V3PH3W
R3DIS11,R3-7001,60AR/50AF600V3PH3W
R3DIS10,R3-7001,60AR/60AF600V3PH3W
R3DIS09,R3-7001,100AR/70AF600V3PH3W
R3DIS08,R3-7001,60AR/25AF600V3PH3W
R3DIS07,R3-7001,60AR/25AF600V3PH3W
R3DIS06,R3-7001,30AR/15AF600V3PH3W
R3DIS05,R3-7001,30AR/15AF600V3PH3W
R3DIS04,R3-7001,30AR/15AF600V3PH3W
R3DIS03,R3-7001,30AR/15AF600V3PH3W
R3DIS01,R3-7001,600AR/400AF/600V/3PH/3W
R3DIS02,R3-7001,60AR/40AF600V3PH3W
R3PP17,R3-7001,250AR/100AF120/208V3PH4W
R3SS01,R3SITE,1200AR/1000AT/347/600V/3PH/4W
R3GEN01,R3-SITE,312KVA/600V/300A/3PH/3W
R1MB6004,R5003,100A/208V/3PH/4W
R1MB6009,R5003,100A/208V/3PH/4W
R1MB6039,R5003,100A/208V/3PH/4W
R1MB6034,R5003,100A/208V/3PH/4W
R1MB6047,R5003,100A/208V/3PH/4W
R1MB6038,R5003,100A/208V/3PH/4W
R1MB5004,R5003,100A/208V/3PH/4W
R1MB5009,R5003,100A/208V/3PH/4W
R1MB5039,R5003,100A/208V/3PH/4W
R1MB5034,R5003,100A/208V/3PH/4W
R1MB5047,R5003,100A/208V/3PH/4W
R1MB5038,R5003,100A/208V/3PH/4W
R1MB4002,R5003,100A/208V/3PH/4W
R1MB4007,R5003,100A/208V/3PH/4W
R1MB4039,R5003,100A/208V/3PH/4W
R1MB4032,R5003,100A/208V/3PH/4W
R1MB4045,R5003,100A/208V/3PH/4W
R1MB4036,R5003,100A/208V/3PH/4W
R1PP08,R5003,250AR/200AT/120/208V/3PH/4W
R1MB6016,R5006,100A/208V/3PH/4W
R1MB6025,R5006,100A/208V/3PH/4W
R1MB6021,R5006,100A/208V/3PH/4W
R1MB6017,R5006,100A/208V/3PH/4W
R1MB6012,R5006,100A/208V/3PH/4W
R1MB5016,R5006,100A/208V/3PH/4W
R1MB5025,R5006,100A/208V/3PH/4W
R1MB5021,R5006,100A/208V/3PH/4W
R1MB5017,R5006,100A/208V/3PH/4W
R1MB5012,R5006,100A/208V/3PH/4W
R1MB5013,R5006,100A/208V/3PH/4W
R1MB4014,R5006,100A/208V/3PH/4W
R1MB6013,R5006,100A/208V/3PH/4W
R1MB4023,R5006,100A/208V/3PH/4W
R1MB4019,R5006,100A/208V/3PH/4W
R1MB4015,R5006,100A/208V/3PH/4W
R1MB4008,R5006,100A/208V/3PH/4W
R1MB4011,R5006,100A/208V/3PH/4W
R1EPP05,R5006,250AR/100AT/120/208V/3PH/4W
R1PP06,R5006,250AR/200AT/120/208V/3PH/4W
R1MB6035,R5030,100A/208V/3PH/4W
R1MB6026,R5030,100A/208V/3PH/4W
R1MB6022,R5030,100A/208V/3PH/4W
R1MB6031,R5030,100A/208V/3PH/4W
R1MB6027,R5030,100A/208V/3PH/4W
R1MB6018,R5030,100A/208V/3PH/4W
R1MB5035,R5030,100A/208V/3PH/4W
R1MB5026,R5030,100A/208V/3PH/4W
R1MB5022,R5030,100A/208V/3PH/4W
R1MB5031,R5030,100A/208V/3PH/4W
R1MB5027,R5030,100A/208V/3PH/4W
R1MB5018,R5030,100A/208V/3PH/4W
R1MB4035,R5030,100A/208V/3PH/4W
R1MB4026,R5030,100A/208V/3PH/4W
R1MB4022,R5030,100A/208V/3PH/4W
R1MB4031,R5030,100A/208V/3PH/4W
R1MB4027,R5030,100A/208V/3PH/4W
R1MB4018,R5030,100A/208V/3PH/4W
R1DIS08,R7001,100AR/60AF/347/600V/3PH/4W
R1DIS07,R7001,30AR/20AF/347/600V/3PH/4W
R1DIS06,R7001,100AR/90AF/347/600V/3PH/4W
R1DIS05,R7001,30AR/20AF/347/600V/3PH/4W
R1DIS04,R7001,30AR/20AF/347/600V/3PH/4W
R1DIS03,R7001,30AR/20AF/347/600V/3PH/4W
SCPP03,SC1001-6,200AR/AT/120/208V/3PH/4W
SCPP04,SC1010,200AR/60AF/120/208V/3PH/4W
SCPP05,SC1010,200AR/AT/120/208V/3PH/4W
SCPP01,SC1010,200AR/AT/120/208V/3PH/4W
TWINKETTLES,SC1015,225A/120/208V/3PH/4W
SCKP02,SC1015,100AR/60AT/120/208V/3PH/4W
SCKP01,SC1015,100AR/60AT/120/208V/3PH/4W
SCKP04,SC1015,100AR/60AT/120/208V/3PH/4W
SCKP03,SC1015,100AR/60AT/120/208V/3PH/4W
SCEP03-CCT19/21/23,SC1015,30AR/AT/120/208V/3PH/4W
SCEP03,SC1015,225AR/AT/120/208V/3PH/4W
SCPP02,SC1016,225AR/AT/120/208V/3PH/4W
SCDIS50,SC1016-1,100AR/AT/600V/3PH/3W
SCDIS50,SC1016-1,100AR/AT/600V/3PH/3W
SCDIS50,SC1016-1,100AR/AT/600V/3PH/3W
SCEP01,SC1017,200AR/AF/120/208V/3PH/4W
SCEP04-CCT19/21/23,SC1017,60AR/AT/120/208V/3PH/4W
SCEP04-CCT13/15/17,SC1017,60AR/AT/120/208V/3PH/4W
SCEP04-CCT25/27/29,SC1017,30AR/AT/120/208V/3PH/4W
SCEP02,SC1017,200AR/AF/120/208V/3PH/4W
SCPP08,SC2000,200AR/AT/120/208V/3PH/4W
SCPP07,SC2001-5,200AR/AT/120/208V/3PH/4W
SCPP06,SC2002,225AR/AT/120/208V/3PH/4W
SCSF03_LD,SC3001,39.1A/600V/3PH/3W
SCSF03,SC3001,60A/600V/3PH/3W
SCSF02_LD,SC3001,39.1A/600V/3PH/3W
SCSF02,SC3001,60A/600V/3PH/3W
SCMS22,SC3001,100A/600V/3PH/3W
SCMS21,SC3001,100A/600V/3PH/3W
SCCON02,SC3001,400A/120/208V/3PH/4W
SCCON01,SC3001,400A/120/208V/3PH/4W
SCMB44,SC3001,225AR/AT/120/208V/3PH/4W
SCMB42,SC3001,125AR/AT/120/208V/3PH/4W
SCMB46,SC3001,225AR/AT/120/208V/3PH/4W
SCPP09,SC3001,200AR/AT/120/208V/3PH/4W
SCMB40,SC3001,200AR/AT/120/208V/3PH/4W
SCMB39,SC3001,225AR/AT/120/208V/3PH/4W
SCMB38,SC3001,225AR/AT/120/208V/3PH/4W
SCMB37,SC3001,200AR/AT/120/208V/3PH/4W
SCMB36,SC3001,200AR/AT/120/208V/3PH/4W
SCMB35,SC3001,200AR/AT/120/208V/3PH/4W
SCMB34,SC3001,200AR/AT/120/208V/3PH/4W
SCMB33,SC3001,225AR/AT/120/208V/3PH/4W
SCMB32,SC3001,200AR/AT/120/208V/3PH/4W
SCMB31,SC3001,200AR/AT/120/208V/3PH/4W
SCTR01,SC3001,450KVA/600>120/208V/3PH/4W
SCMB06,SC3001,100AR/100AT/600V/3PH/4W
SCMB04,SC3001,400AR/400AT/600V/3PH/4W
SCMB03,SC3001,400AR/400AT/600V/3PH/3W
SCMB02,SC3001,600AR/500AT/600V/3PH/3W
SCMB01,SC3001,1200AR/1000AT/347/600V/3PH/4W
SUBPP04,SUB1009,100AR/AF120/208V/3PH/4W
SUBEDP01,SUB1009,225AR/60F120/208V/3PH/4W
SUBPP05,SUB1011-2,125AR/60AMB/AF208V/3PH/4W
SUBPP03,SUB1012-5,225AR/50AF120/208V/3PH/4W
SUBPP02-CCT38/40/42,SUB1012-5,50AR/AT120/208V/3PH/4W
SUBPP02,SUB1012-5,225AR/200AF120/208V/3PH/4W
SUBPP01,SUB1012-5,225AR/200AF120/208V/3PH/4W
SUBPP06,SUB1012-DJBOOTH,100AR/AF120/208V/3PH/4W
SUBDIS11,SUB1017,200AR/AF120/208V/3PH/4W
SUBDIS12,SUB1017,200AR/AF120/208V/3PH/4W
SUBDIS13,SUB1017,200AR/AF120/208V/3PH/4W
SUBTR05,SUB1017,75KVA/600>120/208V/3PH/4W
SUBDIS10,SUB1017,100AR/NF347/600V/3PH/4W
SUBPP09,SUB1027,225AR/200AF120/208V/3PH/4W
SUBPP07,SUB1027-1,225AR/200AF120/208V/3PH/4W
SUBPP08,SUB1029,225AR/200AF120/208V/3PH/4W
SUBMB08,SUB2001,100AR/AF208V/3PH/4W
SUBDIS09,SUB2001,60AR/20AF600V/3PH/3W
SUBDIS04,SUB2001,30AR/15AF600V/3PH/3W
SUBMB01,SUB2001,200AR/AF208V/3PH/4W
SUBMB02,SUB2001,200AR/AF208V/3PH/4W
SUBMB05,SUB2001,60AR/AF208V/3PH/4W
SUBMB06,SUB2001,60AR/AF208V/3PH/4W
SUBMB04,SUB2001,100AR/AF208V/3PH/4W
SUBMB07,SUB2001,100AR/AF208V/3PH/4W
SUBEDP01-CCT8/10/12,SUB2001,70AR/AT600V/3PH/3W
SUBEDP01-CCT1/3,SUB2001,15AR/AT600V/1PH/2W
SUBTR01,SUB2001,112.5KVA/600>120/208V/3PH/4W
SUBDIS06,SUB2001,200AR/125AF600V/3PH/3W
SUBDIS03,SUB2001,100AR/AF600V/3PH/3W
SUBDIS02,SUB2001,200AR/AF600V/3PH/3W
SUBDIS01,SUB2001,800AR/800AT600V/3PH/3W
SUBPP07,SUB2001E,100AR120/208V/1PH/3W
SUBTR03,SUB2001E,10KVA/600V>120/208V/2PH/3W
TPP113,T1002,200AR/150AT120/208V/3PH/4W
TPP111,T1003,200AR/150AT120/208V/3PH/4W
TPP107,T1003-C,150AR/AT120/208V/3PH/4W
TPP109,T1004,200AR/150AT120/208V/3PH/4W
TPP108,T1006,200AR/150AT120/208V/3PH/4W
TPP110,T1009,200AR/150AT120/208V/3PH/4W
TDIS313,T1017-1,200A/600V/3PH/4W
TPP104,T1023,150AR/AMB120/208V/3PH/4W
TPP105,T1023,200AR/AMB120/208V/3PH/4W
TPP128,T1023-C,70AR/AMB120/208V/3PH/4W
TPP106,T1023-C,150AR/AMB120/208V/3PH/4W
TPP103,T1028,150AR/AMB120/208V/3PH/4W
TPP102,T1028,150AR/AMB120/208V/3PH/4W
TPP101,T1028,150AR/AMB120/208V/3PH/4W
TPP97,T1028,150AR/AMB347/600V/3PH/4W
TPP118,T2001,200AR/150AT120/208V/3PH/4W
TPP116,T2002,200AR/150AT120/208V/3PH/4W
TPP117,T2003,200AR/150AT120/208V/3PH/4W
TPP115,T2004,200AR/150AT120/208V/3PH/4W
TPP114,T2017,150AR/AT120/208V/3PH/4W
TPP125,T3001,150AR/AT120/208V/3PH/4W
TPP129,T3001-2,150AR/AT120/208V/3PH/4W
TPP130,T3001-3,150AR/AT120/208V/3PH/4W
TPP127,T3001-4,150AR/AT120/208V/3PH/4W
TPP124,T3010,150AR/AT120/208V/3PH/4W
TPP123,T3010,150AR/AT120/208V/3PH/4W
TPP122,T3010,150AR/AT120/208V/3PH/4W
TPP121,T3010,150AR/AT120/208V/3PH/4W
TPP120,T3010,150AR/AT120/208V/3PH/4W
TMB308,T4001,70AR/AT347/600V/3PH/4W
TPP100-CCT26/28/30,T4001,70AR/AT120/208V/3PH/4W
TPP100,T4001,125AR/AMB120/208V/3PH/4W
TTR27,T4001,30KVA600>120/208V/3PH/4W
TDIS300,T4001,60AR/40AF347/600V/3PH/4W
TPP126,T4001,150AR/AT120/208V/3PH/4W
TMB350,T4001,150AR/AT120/208V/3PH/4W
TMB349,T4001,150AR/AT120/208V/3PH/4W
TMB348,T4001,150AR/AT120/208V/3PH/4W
TMB347,T4001,150AR/AT120/208V/3PH/4W
TMB346,T4001,150AR/AT120/208V/3PH/4W
TMB344,T4001,150AR/AT120/208V/3PH/4W
TMB343,T4001,150AR/AT120/208V/3PH/4W
TMB341,T4001,150AR/AT120/208V/3PH/4W
TMB342,T4001,150AR/AT120/208V/3PH/4W
TMB340,T4001,150AR/AT120/208V/3PH/4W
TMB338,T4001,150AR/AT120/208V/3PH/4W
TMB336,T4001,150AR/AT120/208V/3PH/4W
TMB335,T4001,150AR/AT120/208V/3PH/4W
TMB334,T4001,150AR/AT120/208V/3PH/4W
TMB333,T4001,150AR/AT120/208V/3PH/4W
TMB360,T4001,150AR/AT120/208V/3PH/4W
TMB359,T4001,150AR/AT120/208V/3PH/4W
TMB358,T4001,150AR/AT120/208V/3PH/4W
TMB356,T4001,150AR/AT120/208V/3PH/4W
TMB355,T4001,150AR/AT120/208V/3PH/4W
TMB354,T4001,150AR/AT120/208V/3PH/4W
TMB353,T4001,150AR/AT120/208V/3PH/4W
TMB351,T4001,150AR/AT120/208V/3PH/4W
TMB317,T4001,400AR/AT347/600V/3PH/4W
TTR26,T4001,225KVA600>120/208V/3PH/4W
TTR25,T4001,225KVA600>120/208V/3PH/4W
TPP98,T4001,150AR/AMB347/600V/3PH/4W
TMB318,T4001,400AR/300AT347/600V/3PH/4W
TMB317,T4001,400AR/AT347/600V/3PH/4W
TMB316,T4001,250AR/200AT347/600V/3PH/4W
TMB314,T4001,200AR/AT347/600V/3PH/4W
TMB315,T4001,400AR/300AT347/600V/3PH/4W
TMB313,T4001,200AR/AT347/600V/3PH/4W
TMB300,T4001,600AR/AT347/600V/3PH/4W
CELEVATOR,,
LONDONHYDRO,,27600V3P/4W
,,
R3_ELEVATOR_2,,40A/575V/3PH/3W
R3_ELEVATOR_1,,40A/575V/3PH/3W
